Workbook

Sheet 新初一数据看板
B2: 校区看板 | C2: 在读UV | D2: 在读PV
D3: 整体在读 | E3: 暑续秋 | F3: PV续报率 | G3: 数学 | H3: 暑续秋 | I3: 转化率 | J3: 语文 | K3: 暑续秋 | L3: 转化率 | M3: 英语 | N3: 暑续秋 | O3: 转化率 | Q3: 成绩分类 | R3: 数学UV | S3: 占比 | T3: 新宝利 | U3: 同创汇 | V3: 天成大厦
B4: 新宝利 | C4: =COUNTIFS('UV台帐'!A:A,B4,'UV台帐'!H:H,"在读") | D4: =G4+J4+M4 | E4: =H4+K4+N4 | F4: =E4/D4 | G4: =COUNTIFS('UV台帐'!A:A,B4,'UV台帐'!S:S,"在读") | H4: =SUMPRODUCT(('UV台帐'!A:A=B4)*('UV台帐'!T$3:T528="是")) | I4: =H4/G4 | J4: =COUNTIFS('UV台帐'!A:A,B4,'UV台帐'!AB:AB,"在读") | K4: =SUMPRODUCT(('UV台帐'!A:A=B4)*('UV台帐'!AC$3:AC528="是")) | L4: =K4/J4 | M4: =COUNTIFS('UV台帐'!A:A,B4,'UV台帐'!AK:AK,"在读") | N4: =SUMPRODUCT(('UV台帐'!A:A=B4)*('UV台帐'!AL$3:AL528="是")) | O4: =N4/M4 | Q4: 老师预估 | R4: =COUNTIF('UV台帐'!K:K,"老师预估") | S4: =R4/$R$7 | T4: =COUNTIFS('UV台帐'!K:K,"老师预估",'UV台帐'!A:A,"新宝利") | U4: =COUNTIFS('UV台帐'!K:K,"老师预估",'UV台帐'!A:A,"同创汇") | V4: =COUNTIFS('UV台帐'!K:K,"老师预估",'UV台帐'!A:A,"天成大厦")
B5: 同创汇 | C5: =COUNTIFS('UV台帐'!A:A,B5,'UV台帐'!H:H,"在读") | D5: =G5+J5+M5 | E5: =H5+K5+N5 | F5: =E5/D5 | G5: =COUNTIFS('UV台帐'!A:A,B5,'UV台帐'!S:S,"在读") | H5: =SUMPRODUCT(('UV台帐'!A:A=B5)*('UV台帐'!T$3:T528="是")) | I5: =H5/G5 | J5: =COUNTIFS('UV台帐'!A:A,B5,'UV台帐'!AB:AB,"在读") | K5: =SUMPRODUCT(('UV台帐'!A:A=B5)*('UV台帐'!AC$3:AC528="是")) | L5: =K5/J5 | M5: =COUNTIFS('UV台帐'!A:A,B5,'UV台帐'!AK:AK,"在读") | N5: =SUMPRODUCT(('UV台帐'!A:A=B5)*('UV台帐'!AL$3:AL528="是")) | O5: =N5/M5 | Q5: 报前测成绩 | R5: =COUNTIF('UV台帐'!K:K,"报前测成绩") | S5: =R5/$R$7 | T5: =COUNTIFS('UV台帐'!K:K,"报前测成绩",'UV台帐'!A:A,"新宝利") | U5: =COUNTIFS('UV台帐'!K:K,"报前测成绩",'UV台帐'!A:A,"同创汇") | V5: =COUNTIFS('UV台帐'!K:K,"报前测成绩",'UV台帐'!A:A,"天成大厦")
B6: 天成大厦 | C6: =COUNTIFS('UV台帐'!A:A,B6,'UV台帐'!H:H,"在读") | D6: =G6+J6+M6 | E6: =H6+K6+N6 | F6: =E6/D6 | G6: =COUNTIFS('UV台帐'!A:A,B6,'UV台帐'!S:S,"在读") | H6: =SUMPRODUCT(('UV台帐'!A:A=B6)*('UV台帐'!T$3:T528="是")) | I6: =H6/G6 | J6: =COUNTIFS('UV台帐'!A:A,B6,'UV台帐'!AB:AB,"在读") | K6: =SUMPRODUCT(('UV台帐'!A:A=B6)*('UV台帐'!AC$3:AC528="是")) | L6: =K6/J6 | M6: =COUNTIFS('UV台帐'!A:A,B6,'UV台帐'!AK:AK,"在读") | N6: =SUMPRODUCT(('UV台帐'!A:A=B6)*('UV台帐'!AL$3:AL528="是")) | O6: =N6/M6 | Q6: 校内成绩 | R6: =COUNTIF('UV台帐'!K:K,"校内成绩") | S6: =R6/$R$7 | T6: =COUNTIFS('UV台帐'!K:K,"校内成绩",'UV台帐'!A:A,"新宝利") | U6: =COUNTIFS('UV台帐'!K:K,"校内成绩",'UV台帐'!A:A,"同创汇") | V6: =COUNTIFS('UV台帐'!K:K,"校内成绩",'UV台帐'!A:A,"天成大厦")
B7: 合计 | C7: =SUM(C4:C6) | D7: =SUM(D4:D6) | E7: =SUM(E4:E6) | F7: =E7/D7 | G7: =SUM(G4:G6) | H7: =SUM(H4:H6) | I7: =H7/G7 | J7: =SUM(J4:J6) | K7: =SUM(K4:K6) | L7: =K7/J7 | M7: =SUM(M4:M6) | N7: =SUM(N4:N6) | O7: =N7/M7 | Q7: 合计 | R7: =SUM(R4:R6) | S7: - | T7: =SUM(T4:T6) | U7: =SUM(U4:U6) | V7: =SUM(V4:V6)
B9: 班型 | C9: 分数段 | D9: 数学分层 | U9: 生源质量 | V9: 整体 | X9: 新宝利 | Z9: 同创汇 | AB9: 天成大厦
D10: 校区合计 | E10: 新宝利 | F10: 零期 | G10: 一期 | H10: 二期 | I10: 三期 | J10: 同创汇 | K10: 零期 | L10: 一期 | M10: 二期 | N10: 三期 | O10: 天成大厦 | P10: 零期 | Q10: 一期 | R10: 二期 | S10: 三期 | V10: UV | W10: 占比 | X10: UV | Y10: 占比 | Z10: UV | AA10: 占比 | AB10: UV | AC10: 占比
B11: 启能 | C11: 95-120 | D11: =E11+J11+O11 | E11: =COUNTIFS('UV台帐'!A:A,$E$10,'UV台帐'!L:L,">=95") | F11: =COUNTIFS('UV台帐'!A:A,$E$10,'UV台帐'!L:L,">=95",'UV台帐'!R:R,"零期") | G11: =COUNTIFS('UV台帐'!A:A,$E$10,'UV台帐'!L:L,">=95",'UV台帐'!R:R,"一期") | H11: =COUNTIFS('UV台帐'!A:A,$E$10,'UV台帐'!L:L,">=95",'UV台帐'!R:R,"二期") | I11: =COUNTIFS('UV台帐'!A:A,$E$10,'UV台帐'!L:L,">=95",'UV台帐'!R:R,"三期") | J11: =COUNTIFS('UV台帐'!A:A,$J$10,'UV台帐'!L:L,">=95") | K11: =COUNTIFS('UV台帐'!A:A,"同创汇",'UV台帐'!L:L,">=95",'UV台帐'!R:R,"零期") | L11: =COUNTIFS('UV台帐'!A:A,"同创汇",'UV台帐'!L:L,">=95",'UV台帐'!R:R,"一期") | M11: =COUNTIFS('UV台帐'!A:A,"同创汇",'UV台帐'!L:L,">=95",'UV台帐'!R:R,"二期") | N11: =COUNTIFS('UV台帐'!A:A,"同创汇",'UV台帐'!L:L,">=95",'UV台帐'!R:R,"三期") | O11: =COUNTIFS('UV台帐'!A:A,$O$10,'UV台帐'!L:L,">=95") | P11: =COUNTIFS('UV台帐'!A:A,"天成大厦",'UV台帐'!L:L,">=95",'UV台帐'!R:R,"零期") | Q11: =COUNTIFS('UV台帐'!A:A,"天成大厦",'UV台帐'!L:L,">=95",'UV台帐'!R:R,"一期") | R11: =COUNTIFS('UV台帐'!A:A,"天成大厦",'UV台帐'!L:L,">=95",'UV台帐'!R:R,"二期") | S11: =COUNTIFS('UV台帐'!A:A,"天成大厦",'UV台帐'!L:L,">=95",'UV台帐'!R:R,"三期") | U11: 纯拉新 | V11: =X11+Z11+AB11 | W11: =V11/$V$17 | X11: =COUNTIFS('UV台帐'!A:A,$X$9,'UV台帐'!E:E,U11) | Y11: =X11/$X$17 | Z11: =COUNTIFS('UV台帐'!A:A,$Z$9,'UV台帐'!E:E,U11) | AA11: =Z11/$Z$17 | AB11: =COUNTIFS('UV台帐'!A:A,$AB$9,'UV台帐'!E:E,U11) | AC11: =AB11/$AB$17
C12: 80-94 | D12: =E12+J12+O12 | E12: =COUNTIFS('UV台帐'!A:A,$E$10,'UV台帐'!L:L,">=80",'UV台帐'!L:L,"<95") | F12: =COUNTIFS('UV台帐'!A:A,$E$10,'UV台帐'!L:L,">=80",'UV台帐'!L:L,"<95",'UV台帐'!R:R,"零期") | G12: =COUNTIFS('UV台帐'!A:A,$E$10,'UV台帐'!L:L,">=80",'UV台帐'!L:L,"<95",'UV台帐'!R:R,"一期") | H12: =COUNTIFS('UV台帐'!A:A,$E$10,'UV台帐'!L:L,">=80",'UV台帐'!L:L,"<95",'UV台帐'!R:R,"二期") | I12: =COUNTIFS('UV台帐'!A:A,$E$10,'UV台帐'!L:L,">=80",'UV台帐'!L:L,"<95",'UV台帐'!R:R,"三期") | J12: =COUNTIFS('UV台帐'!A:A,$J$10,'UV台帐'!L:L,">=80",'UV台帐'!L:L,"<95") | K12: =COUNTIFS('UV台帐'!A:A,"同创汇",'UV台帐'!L:L,">=80",'UV台帐'!L:L,"<95",'UV台帐'!R:R,"零期") | L12: =COUNTIFS('UV台帐'!A:A,"同创汇",'UV台帐'!L:L,">=80",'UV台帐'!L:L,"<95",'UV台帐'!R:R,"一期") | M12: =COUNTIFS('UV台帐'!A:A,"同创汇",'UV台帐'!L:L,">=80",'UV台帐'!L:L,"<95",'UV台帐'!R:R,"二期") | N12: =COUNTIFS('UV台帐'!A:A,"同创汇",'UV台帐'!L:L,">=80",'UV台帐'!L:L,"<95",'UV台帐'!R:R,"三期") | O12: =COUNTIFS('UV台帐'!A:A,$O$10,'UV台帐'!L:L,">=80",'UV台帐'!L:L,"<95") | P12: =COUNTIFS('UV台帐'!A:A,"天成大厦",'UV台帐'!L:L,">=80",'UV台帐'!L:L,"<95",'UV台帐'!R:R,"零期") | Q12: =COUNTIFS('UV台帐'!A:A,"天成大厦",'UV台帐'!L:L,">=80",'UV台帐'!L:L,"<95",'UV台帐'!R:R,"一期") | R12: =COUNTIFS('UV台帐'!A:A,"天成大厦",'UV台帐'!L:L,">=80",'UV台帐'!L:L,"<95",'UV台帐'!R:R,"二期") | S12: =COUNTIFS('UV台帐'!A:A,"天成大厦",'UV台帐'!L:L,">=80",'UV台帐'!L:L,"<95",'UV台帐'!R:R,"三期") | U12: 春季在读老生 | V12: =X12+Z12+AB12 | W12: =V12/$V$17 | X12: =COUNTIFS('UV台帐'!A:A,$X$9,'UV台帐'!E:E,U12) | Y12: =X12/$X$17 | Z12: =COUNTIFS('UV台帐'!A:A,$Z$9,'UV台帐'!E:E,U12) | AA12: =Z12/$Z$17 | AB12: =COUNTIFS('UV台帐'!A:A,$AB$9,'UV台帐'!E:E,U12) | AC12: =AB12/$AB$17
B13: 潜能 | C13: 60-79 | D13: =E13+J13+O13 | E13: =COUNTIFS('UV台帐'!A:A,$E$10,'UV台帐'!L:L,">=60",'UV台帐'!L:L,"<80") | F13: =COUNTIFS('UV台帐'!A:A,$E$10,'UV台帐'!L:L,">=60",'UV台帐'!L:L,"<80",'UV台帐'!R:R,"零期") | G13: =COUNTIFS('UV台帐'!A:A,$E$10,'UV台帐'!L:L,">=60",'UV台帐'!L:L,"<80",'UV台帐'!R:R,"一期") | H13: =COUNTIFS('UV台帐'!A:A,$E$10,'UV台帐'!L:L,">=60",'UV台帐'!L:L,"<80",'UV台帐'!R:R,"二期") | I13: =COUNTIFS('UV台帐'!A:A,$E$10,'UV台帐'!L:L,">=60",'UV台帐'!L:L,"<80",'UV台帐'!R:R,"三期") | J13: =COUNTIFS('UV台帐'!A:A,$J$10,'UV台帐'!L:L,">=60",'UV台帐'!L:L,"<80") | K13: =COUNTIFS('UV台帐'!A:A,"同创汇",'UV台帐'!L:L,">=60",'UV台帐'!L:L,"<80",'UV台帐'!R:R,"零期") | L13: =COUNTIFS('UV台帐'!A:A,"同创汇",'UV台帐'!L:L,">=60",'UV台帐'!L:L,"<80",'UV台帐'!R:R,"一期") | M13: =COUNTIFS('UV台帐'!A:A,"同创汇",'UV台帐'!L:L,">=60",'UV台帐'!L:L,"<80",'UV台帐'!R:R,"二期") | N13: =COUNTIFS('UV台帐'!A:A,"同创汇",'UV台帐'!L:L,">=60",'UV台帐'!L:L,"<80",'UV台帐'!R:R,"三期") | O13: =COUNTIFS('UV台帐'!A:A,$O$10,'UV台帐'!L:L,">=60",'UV台帐'!L:L,"<80") | P13: =COUNTIFS('UV台帐'!A:A,"天成大厦",'UV台帐'!L:L,">=60",'UV台帐'!L:L,"<80",'UV台帐'!R:R,"零期") | Q13: =COUNTIFS('UV台帐'!A:A,"天成大厦",'UV台帐'!L:L,">=60",'UV台帐'!L:L,"<80",'UV台帐'!R:R,"一期") | R13: =COUNTIFS('UV台帐'!A:A,"天成大厦",'UV台帐'!L:L,">=60",'UV台帐'!L:L,"<80",'UV台帐'!R:R,"二期") | S13: =COUNTIFS('UV台帐'!A:A,"天成大厦",'UV台帐'!L:L,">=60",'UV台帐'!L:L,"<80",'UV台帐'!R:R,"三期") | U13: 老生转介绍 | V13: =X13+Z13+AB13 | W13: =V13/$V$17 | X13: =COUNTIFS('UV台帐'!A:A,$X$9,'UV台帐'!E:E,U13) | Y13: =X13/$X$17 | Z13: =COUNTIFS('UV台帐'!A:A,$Z$9,'UV台帐'!E:E,U13) | AA13: =Z13/$Z$17 | AB13: =COUNTIFS('UV台帐'!A:A,$AB$9,'UV台帐'!E:E,U13) | AC13: =AB13/$AB$17
B14: 启航 | C14: 40-59 | D14: =E14+J14+O14 | E14: =COUNTIFS('UV台帐'!A:A,$E$10,'UV台帐'!L:L,">=40",'UV台帐'!L:L,"<=59") | F14: =COUNTIFS('UV台帐'!A:A,$E$10,'UV台帐'!L:L,">=40",'UV台帐'!L:L,"<=59",'UV台帐'!R:R,"零期") | G14: =COUNTIFS('UV台帐'!A:A,$E$10,'UV台帐'!L:L,">=40",'UV台帐'!L:L,"<=59",'UV台帐'!R:R,"一期") | H14: =COUNTIFS('UV台帐'!A:A,$E$10,'UV台帐'!L:L,">=40",'UV台帐'!L:L,"<=59",'UV台帐'!R:R,"二期") | I14: =COUNTIFS('UV台帐'!A:A,$E$10,'UV台帐'!L:L,">=40",'UV台帐'!L:L,"<=59",'UV台帐'!R:R,"三期") | J14: =COUNTIFS('UV台帐'!A:A,$J$10,'UV台帐'!L:L,">=40",'UV台帐'!L:L,"<=59") | K14: =COUNTIFS('UV台帐'!A:A,"同创汇",'UV台帐'!L:L,">=40",'UV台帐'!L:L,"<=59",'UV台帐'!R:R,"零期") | L14: =COUNTIFS('UV台帐'!A:A,"同创汇",'UV台帐'!L:L,">=40",'UV台帐'!L:L,"<=59",'UV台帐'!R:R,"一期") | M14: =COUNTIFS('UV台帐'!A:A,"同创汇",'UV台帐'!L:L,">=40",'UV台帐'!L:L,"<=59",'UV台帐'!R:R,"二期") | N14: =COUNTIFS('UV台帐'!A:A,"同创汇",'UV台帐'!L:L,">=40",'UV台帐'!L:L,"<=59",'UV台帐'!R:R,"三期") | O14: =COUNTIFS('UV台帐'!A:A,$O$10,'UV台帐'!L:L,">=40",'UV台帐'!L:L,"<=59") | P14: =COUNTIFS('UV台帐'!A:A,"天成大厦",'UV台帐'!L:L,">=40",'UV台帐'!L:L,"<=59",'UV台帐'!R:R,"零期") | Q14: =COUNTIFS('UV台帐'!A:A,"天成大厦",'UV台帐'!L:L,">=40",'UV台帐'!L:L,"<=59",'UV台帐'!R:R,"一期") | R14: =COUNTIFS('UV台帐'!A:A,"天成大厦",'UV台帐'!L:L,">=40",'UV台帐'!L:L,"<=59",'UV台帐'!R:R,"二期") | S14: =COUNTIFS('UV台帐'!A:A,"天成大厦",'UV台帐'!L:L,">=40",'UV台帐'!L:L,"<=59",'UV台帐'!R:R,"三期") | U14: 新生转介绍 | V14: =X14+Z14+AB14 | W14: =V14/$V$17 | X14: =COUNTIFS('UV台帐'!A:A,$X$9,'UV台帐'!E:E,U14) | Y14: =X14/$X$17 | Z14: =COUNTIFS('UV台帐'!A:A,$Z$9,'UV台帐'!E:E,U14) | AA14: =Z14/$Z$17 | AB14: =COUNTIFS('UV台帐'!A:A,$AB$9,'UV台帐'!E:E,U14) | AC14: =AB14/$AB$17
C15: <39 | D15: =E15+J15+O15 | E15: =COUNTIFS('UV台帐'!A:A,$E$10,'UV台帐'!L:L,">1",'UV台帐'!L:L,"<=39") | F15: =COUNTIFS('UV台帐'!A:A,$E$10,'UV台帐'!L:L,">1",'UV台帐'!L:L,"<=39",'UV台帐'!R:R,"零期") | G15: =COUNTIFS('UV台帐'!A:A,$E$10,'UV台帐'!L:L,">1",'UV台帐'!L:L,"<=39",'UV台帐'!R:R,"一期") | H15: =COUNTIFS('UV台帐'!A:A,$E$10,'UV台帐'!L:L,">1",'UV台帐'!L:L,"<=39",'UV台帐'!R:R,"二期") | I15: =COUNTIFS('UV台帐'!A:A,$E$10,'UV台帐'!L:L,">1",'UV台帐'!L:L,"<=39",'UV台帐'!R:R,"三期") | J15: =COUNTIFS('UV台帐'!A:A,$J$10,'UV台帐'!L:L,">1",'UV台帐'!L:L,"<=39") | K15: =COUNTIFS('UV台帐'!A:A,"同创汇",'UV台帐'!L:L,">1",'UV台帐'!L:L,"<=39",'UV台帐'!R:R,"零期") | L15: =COUNTIFS('UV台帐'!A:A,"同创汇",'UV台帐'!L:L,">1",'UV台帐'!L:L,"<=39",'UV台帐'!R:R,"一期") | M15: =COUNTIFS('UV台帐'!A:A,"同创汇",'UV台帐'!L:L,">1",'UV台帐'!L:L,"<=39",'UV台帐'!R:R,"二期") | N15: =COUNTIFS('UV台帐'!A:A,"同创汇",'UV台帐'!L:L,">1",'UV台帐'!L:L,"<=39",'UV台帐'!R:R,"三期") | O15: =COUNTIFS('UV台帐'!A:A,$O$10,'UV台帐'!L:L,">1",'UV台帐'!L:L,"<=39") | P15: =COUNTIFS('UV台帐'!A:A,"天成大厦",'UV台帐'!L:L,">1",'UV台帐'!L:L,"<=39",'UV台帐'!R:R,"零期") | Q15: =COUNTIFS('UV台帐'!O:O,"天成大厦",'UV台帐'!L:L,">1",'UV台帐'!L:L,"<=39",'UV台帐'!R:R,"一期") | R15: =COUNTIFS('UV台帐'!O:O,"天成大厦",'UV台帐'!L:L,">1",'UV台帐'!L:L,"<=39",'UV台帐'!R:R,"二期") | S15: =COUNTIFS('UV台帐'!O:O,"天成大厦",'UV台帐'!L:L,">1",'UV台帐'!L:L,"<=39",'UV台帐'!R:R,"三期") | U15: 反复低价 | V15: =X15+Z15+AB15 | W15: =V15/$V$17 | X15: =COUNTIFS('UV台帐'!A:A,$X$9,'UV台帐'!E:E,U15) | Y15: =X15/$X$17 | Z15: =COUNTIFS('UV台帐'!A:A,$Z$9,'UV台帐'!E:E,U15) | AA15: =Z15/$Z$17 | AB15: =COUNTIFS('UV台帐'!A:A,$AB$9,'UV台帐'!E:E,U15) | AC15: =AB15/$AB$17
B16: 合计 | D16: =SUM(D11:D15) | E16: =SUM(E11:E15) | F16: =SUM(F11:F15) | G16: =SUM(G11:G15) | H16: =SUM(H11:H15) | I16: =SUM(I11:I15) | J16: =SUM(J11:J15) | K16: =SUM(K11:K15) | ... S16: =SUM(S11:S15) | U16: 断报老生 | V16: =X16+Z16+AB16 | W16: =V16/$V$17 | X16: =COUNTIFS('UV台帐'!A:A,$X$9,'UV台帐'!E:E,U16) | Y16: =X16/$X$17 | Z16: =COUNTIFS('UV台帐'!A:A,$Z$9,'UV台帐'!E:E,U16) | AA16: =Z16/$Z$17 | AB16: =COUNTIFS('UV台帐'!A:A,$AB$9,'UV台帐'!E:E,U16) | AC16: =AB16/$AB$17
U17: 合计 | V17: =X17+Z17+AB17 | W17: - | X17: =SUM(X11:X16) | Y17: - | Z17: =SUM(Z11:Z16) | AA17: - | AB17: =SUM(AB11:AB16) | AC17: -
B21: 暑假整体汇总 | D21: =SUM(D23:D35)/2 | E21: =E27+E31+E35 | F21: =E21/(25*D21) | G21: =G27+G31+G35 | H21: =G21/E21 | I21: =SUM(I23:I35)/2 | J21: =I21/(E21+I21) | K21: =(K27*$E$27+K31*$E$31+K35*$E$35)/$E$21 | L21: =(L27*$E$27+L31*$E$31+L35*$E$35)/$E$21 | M21: =(M27*$E$27+M31*$E$31+M35*$E$35)/$E$21 | N21: =(N27*$E$27+N31*$E$31+N35*$E$35)/$E$21 | O21: =(O27*$E$27+O31*$E$31+O35*$E$35)/$E$21 | P21: =(P27*$E$27+P31*$E$31+P35*$E$35)/$E$21
B22: 老师看板 | C22: 学科 | D22: 班量 | E22: 在读PV | F22: 满班率 | G22: 暑续秋PV | H22: 转化率 | I22: 课前退PV | J22: 课前退率 | K22: 加微率 | L22: 首联率 | M22: vip入群率 | N22: 课前诺访 | O22: 课前确访 | P22: 课前确访
B23: 陈中帅 | C23: 数学 | D23: 7 | E23: =COUNTIFS('UV台帐'!N:N,B23,'UV台帐'!S:S,"在读") | F23: =E23/(D23*25) | G23: =SUMPRODUCT(('UV台帐'!N:N=B23)*('UV台帐'!T:T="是")) | H23: =G23/E23 | I23: =COUNTIFS('UV台帐'!N:N,B23,'UV台帐'!S:S,"课前退") | J23: =I23/(E23+I23) | K23: =COUNTIF('陈中帅'!T:T,"是")/E23 | L23: =COUNTIF('陈中帅'!U:U,"是")/E23 | M23: =COUNTIF('陈中帅'!V:V,"是")/E23 | N23: =COUNTIF('陈中帅'!Z:Z,"是")/E23 | O23: =COUNTIF('陈中帅'!AA:AA,"是")/E23 | P23: =COUNTIF('陈中帅'!AI:AI,"是")/E23
B24: 何咏04 | C24: 数学 | D24: 4 | E24: =COUNTIFS('UV台帐'!N:N,B24,'UV台帐'!S:S,"在读") | F24: =E24/(D24*25) | G24: =SUMPRODUCT(('UV台帐'!N:N=B24)*('UV台帐'!T:T="是")) | H24: =G24/E24 | I24: =COUNTIFS('UV台帐'!N:N,B24,'UV台帐'!S:S,"课前退") | J24: =I24/(E24+I24) | K24: =COUNTIF('何咏04'!T:T,"是")/E24 | L24: =COUNTIF('何咏04'!U:U,"是")/E24 | M24: =COUNTIF('何咏04'!V:V,"是")/E24 | N24: =COUNTIF('何咏04'!Z:Z,"是")/E24 | O24: =COUNTIF('何咏04'!AA:AA,"是")/E24 | P24: =COUNTIF('何咏04'!AI:AI,"是")/E24
B25: 田雨涵01 | C25: 数学 | D25: 5 | E25: =COUNTIFS('UV台帐'!N:N,B25,'UV台帐'!S:S,"在读") | F25: =E25/(D25*25) | G25: =SUMPRODUCT(('UV台帐'!N:N=B25)*('UV台帐'!T:T="是")) | H25: =G25/E25 | I25: =COUNTIFS('UV台帐'!N:N,B25,'UV台帐'!S:S,"课前退") | J25: =I25/(E25+I25) | K25: =COUNTIF('田雨涵01'!T:T,"是")/E25 | L25: =COUNTIF('田雨涵01'!U:U,"是")/E25 | M25: =COUNTIF('田雨涵01'!V:V,"是")/E25 | N25: =COUNTIF('田雨涵01'!Z:Z,"是")/E25 | O25: =COUNTIF('田雨涵01'!AA:AA,"是")/E25 | P25: =COUNTIF('田雨涵01'!AI:AI,"是")/E25
B26: 宗志鹏 | C26: 数学 | D26: 1 | E26: =COUNTIFS('UV台帐'!N:N,B26,'UV台帐'!S:S,"在读") | F26: =E26/(D26*25) | G26: =SUMPRODUCT(('UV台帐'!N:N=B26)*('UV台帐'!T:T="是")) | H26: =G26/E26 | I26: =COUNTIFS('UV台帐'!N:N,B26,'UV台帐'!S:S,"课前退") | J26: =I26/(E26+I26) | K26: =COUNTIF('宗志鹏'!T:T,"是")/E26 | L26: =COUNTIF('宗志鹏'!U:U,"是")/E26 | M26: =COUNTIF('宗志鹏'!V:V,"是")/E26 | N26: =COUNTIF('宗志鹏'!Z:Z,"是")/E26 | O26: =COUNTIF('宗志鹏'!AA:AA,"是")/E26 | P26: =COUNTIF('宗志鹏'!AI:AI,"是")/E26
B27: 数学合计 | D27: =SUM(D23:D26) | E27: =SUM(E23:E26) | F27: =E27/(D27*25) | G27: =SUM(G23:G26) | H27: =G27/E27 | I27: =SUM(I23:I26) | J27: =I27/(E27+I27) | K27: =(K23*$E$23+K24*$E$24+K25*$E$25+K26*$E$26)/$E$27 | L27: =(L23*$E$23+L24*$E$24+L25*$E$25+L26*$E$26)/$E$27 | M27: =(M23*$E$23+M24*$E$24+M25*$E$25+M26*$E$26)/$E$27 | N27: =(N23*$E$23+N24*$E$24+N25*$E$25+N26*$E$26)/$E$27 | O27: =(O23*$E$23+O24*$E$24+O25*$E$25+O26*$E$26)/$E$27 | P27: =(P23*$E$23+P24*$E$24+P25*$E$25+P26*$E$26)/$E$27
B28: 黄铭怡 | C28: 语文 | D28: 5 | E28: =COUNTIFS('UV台帐'!W:W,B28,'UV台帐'!AB:AB,"在读") | F28: =E28/(D28*25) | G28: =SUMPRODUCT(('UV台帐'!W:W=B28)*('UV台帐'!AC:AC="是")) | H28: =G28/E28 | I28: =COUNTIFS('UV台帐'!W:W,B28,'UV台帐'!AB:AB,"课前退") | J28: =I28/(E28+I28) | K28: =COUNTIF('黄铭怡'!T:T,"是")/E28 | L28: =COUNTIF('黄铭怡'!U:U,"是")/E28 | M28: =COUNTIF('黄铭怡'!V:V,"是")/E28 | N28: =COUNTIF('黄铭怡'!Z:Z,"是")/E28 | O28: =COUNTIF('黄铭怡'!AA:AA,"是")/E28 | P28: =COUNTIF('黄铭怡'!AI:AI,"是")/E28
B29: 李润 | C29: 语文 | D29: 7 | E29: =COUNTIFS('UV台帐'!W:W,B29,'UV台帐'!AB:AB,"在读") | F29: =E29/(D29*25) | G29: =SUMPRODUCT(('UV台帐'!W:W=B29)*('UV台帐'!AC:AC="是")) | H29: =G29/E29 | I29: =COUNTIFS('UV台帐'!W:W,B29,'UV台帐'!AB:AB,"课前退") | J29: =I29/(E29+I29) | K29: =COUNTIF('李润'!T:T,"是")/E29 | L29: =COUNTIF('李润'!U:U,"是")/E29 | M29: =COUNTIF('李润'!V:V,"是")/E29 | N29: =COUNTIF('李润'!Z:Z,"是")/E29 | O29: =COUNTIF('李润'!AA:AA,"是")/E29 | P29: =COUNTIF('李润'!AI:AI,"是")/E29 | U29: 零期 | V29: 学员数 | X29: vip入群率 | Y29: 课前家长会（UV） | AA29: 课中家长会（UV） | AC29: 转化率 （PV） | AD29: 学员意向分层(PV)
B30: 陈南05 | C30: 语文 | D30: 4 | E30: =COUNTIFS('UV台帐'!W:W,B30,'UV台帐'!AB:AB,"在读") | F30: =E30/(D30*25) | G30: =SUMPRODUCT(('UV台帐'!W:W=B30)*('UV台帐'!AC:AC="是")) | H30: =G30/E30 | I30: =COUNTIFS('UV台帐'!W:W,B30,'UV台帐'!AB:AB,"课前退") | J30: =I30/(E30+I30) | K30: =COUNTIF('陈南05'!T:T,"是")/E30 | L30: =COUNTIF('陈南05'!U:U,"是")/E30 | M30: =COUNTIF('陈南05'!V:V,"是")/E30 | N30: =COUNTIF('陈南05'!Z:Z,"是")/E30 | O30: =COUNTIF('陈南05'!AA:AA,"是")/E30 | P30: =COUNTIF('陈南05'!AI:AI,"是")/E30 | U30: 校区 | V30: PV | W30: UV | Y30: 课前诺访 | Z30: 课前确访 | AA30: 课中诺访 | AB30: 课中确访 | AD30: S | AE30: 占比 | AF30: A | AG30: 占比 | AH30: B | AI30: 占比 | AJ30: C | AK30: 占比
B31: 语文合计 | D31: =SUM(D28:D30) | E31: =SUM(E28:E30) | F31: =E31/(D31*25) | G31: =SUM(G28:G30) | H31: =G31/E31 | I31: =SUM(I28:I30) | J31: =I31/(E31+I31) | K31: =(K28*$E$28+K29*$E$29+K30*$E$30)/$E$31 | L31: =(L28*$E$28+L29*$E$29+L30*$E$30)/$E$31 | M31: =(M28*$E$28+M29*$E$29+M30*$E$30)/$E$31 | N31: =(N28*$E$28+N29*$E$29+N30*$E$30)/$E$31 | O31: =(O28*$E$28+O29*$E$29+O30*$E$30)/$E$31 | P31: =(P28*$E$28+P29*$E$29+P30*$E$30)/$E$31 | U31: 天成大厦 | V31: =SUMIF('零期·UV电访分配'!A:A,U31,'零期·UV电访分配'!AS:AS) | W31: =COUNTIF('零期·UV电访分配'!A:A,U31) | X31: =IFERROR(COUNTIFS('零期·UV电访分配'!A:A,U31,'零期·UV电访分配'!AH:AH,"是")/W31,0) | Y31: =IFERROR(COUNTIFS('零期·UV电访分配'!A:A,U31,'零期·UV电访分配'!S:S,"是")/W31,0) | Z31: =IFERROR(COUNTIFS('零期·UV电访分配'!A:A,U31,'零期·UV电访分配'!T:T,"是")/W31,0) | AA31: =IFERROR(COUNTIFS('零期·UV电访分配'!A:A,U31,'零期·UV电访分配'!AB:AB,"是")/W31,0) | AB31: =IFERROR(COUNTIFS('零期·UV电访分配'!A:A,U31,'零期·UV电访分配'!AD:AD,"是")/W31,0) | AC31: =IFERROR(SUMIF('零期·UV电访分配'!A:A,U31,'零期·UV电访分配'!AX:AX)/V31,0) | AD31: =COUNTIFS('零期·UV电访分配'!A:A,U31,'零期·UV电访分配'!AM:AM,"S")+COUNTIFS('零期·UV电访分配'!A:A,U31,'零期·UV电访分配'!AN:AN,"S")+COUNTIFS('零期·UV电访分配'!A:A,U31,'零期·UV电访分配'!AO:AO,"S") | AE31: =IFERROR(AD31/V31,0) | AF31: =COUNTIFS('零期·UV电访分配'!A:A,U31,'零期·UV电访分配'!AM:AM,"A")+COUNTIFS('零期·UV电访分配'!A:A,U31,'零期·UV电访分配'!AN:AN,"A")+COUNTIFS('零期·UV电访分配'!A:A,U31,'零期·UV电访分配'!AO:AO,"A") | AG31: =IFERROR(AF31/V31,0) | AH31: =COUNTIFS('零期·UV电访分配'!A:A,U31,'零期·UV电访分配'!AM:AM,"B")+COUNTIFS('零期·UV电访分配'!A:A,U31,'零期·UV电访分配'!AN:AN,"B")+COUNTIFS('零期·UV电访分配'!A:A,U31,'零期·UV电访分配'!AO:AO,"B") | AI31: =IFERROR(AH31/V31,0) | AJ31: =COUNTIFS('零期·UV电访分配'!A:A,U31,'零期·UV电访分配'!AM:AM,"C")+COUNTIFS('零期·UV电访分配'!A:A,U31,'零期·UV电访分配'!AN:AN,"C")+COUNTIFS('零期·UV电访分配'!A:A,U31,'零期·UV电访分配'!AO:AO,"C") | AK31: =IFERROR(AJ31/V31,0)
B32: 刘希子 | C32: 英语 | D32: 6 | E32: =COUNTIFS('UV台帐'!AF:AF,B32,'UV台帐'!AK:AK,"在读") | F32: =E32/(D32*25) | G32: =SUMPRODUCT(('UV台帐'!AF:AF=B32)*('UV台帐'!AL:AL="是")) | H32: =G32/E32 | I32: =COUNTIFS('UV台帐'!AF:AF,B32,'UV台帐'!AK:AK,"课前退") | J32: =I32/(E32+I32) | K32: =COUNTIF('刘希子'!T:T,"是")/E32 | L32: =COUNTIF('刘希子'!U:U,"是")/E32 | M32: =COUNTIF('刘希子'!V:V,"是")/E32 | N32: =COUNTIF('刘希子'!Z:Z,"是")/E32 | O32: =COUNTIF('刘希子'!AA:AA,"是")/E32 | P32: =COUNTIF('刘希子'!AI:AI,"是")/E32 | U32: 同创汇 | V32: =SUMIF('零期·UV电访分配'!A:A,U32,'零期·UV电访分配'!AS:AS) | W32: =COUNTIF('零期·UV电访分配'!A:A,U32) | X32: =COUNTIFS('零期·UV电访分配'!A:A,U32,'零期·UV电访分配'!AH:AH,"是")/W32 | Y32: =COUNTIFS('零期·UV电访分配'!A:A,U32,'零期·UV电访分配'!S:S,"是")/W32 | Z32: =COUNTIFS('零期·UV电访分配'!A:A,U32,'零期·UV电访分配'!T:T,"是")/W32 | AA32: =COUNTIFS('零期·UV电访分配'!A:A,U32,'零期·UV电访分配'!AB:AB,"是")/W32 | AB32: =COUNTIFS('零期·UV电访分配'!A:A,U32,'零期·UV电访分配'!AD:AD,"是")/W32 | AC32: =SUMIF('零期·UV电访分配'!A:A,U32,'零期·UV电访分配'!AX:AX)/V32 | AD32: =COUNTIFS('零期·UV电访分配'!A:A,U32,'零期·UV电访分配'!AM:AM,"S")+COUNTIFS('零期·UV电访分配'!A:A,U32,'零期·UV电访分配'!AN:AN,"S")+COUNTIFS('零期·UV电访分配'!A:A,U32,'零期·UV电访分配'!AO:AO,"S") | AE32: =AD32/V32 | AF32: =COUNTIFS('零期·UV电访分配'!A:A,U32,'零期·UV电访分配'!AM:AM,"A")+COUNTIFS('零期·UV电访分配'!A:A,U32,'零期·UV电访分配'!AN:AN,"A")+COUNTIFS('零期·UV电访分配'!A:A,U32,'零期·UV电访分配'!AO:AO,"A") | AG32: =AF32/V32 | AH32: =COUNTIFS('零期·UV电访分配'!A:A,U32,'零期·UV电访分配'!AM:AM,"B")+COUNTIFS('零期·UV电访分配'!A:A,U32,'零期·UV电访分配'!AN:AN,"B")+COUNTIFS('零期·UV电访分配'!A:A,U32,'零期·UV电访分配'!AO:AO,"B") | AI32: =AH32/V32 | AJ32: =COUNTIFS('零期·UV电访分配'!A:A,U32,'零期·UV电访分配'!AM:AM,"C")+COUNTIFS('零期·UV电访分配'!A:A,U32,'零期·UV电访分配'!AN:AN,"C")+COUNTIFS('零期·UV电访分配'!A:A,U32,'零期·UV电访分配'!AO:AO,"C") | AK32: =AJ32/V32
B33: 肖锐03 | C33: 英语 | D33: 7 | E33: =COUNTIFS('UV台帐'!AF:AF,B33,'UV台帐'!AK:AK,"在读") | F33: =E33/(D33*25) | G33: =SUMPRODUCT(('UV台帐'!AF:AF=B33)*('UV台帐'!AL:AL="是")) | H33: =G33/E33 | I33: =COUNTIFS('UV台帐'!AF:AF,B33,'UV台帐'!AK:AK,"课前退") | J33: =I33/(E33+I33) | K33: =COUNTIF('肖锐03'!T:T,"是")/E33 | L33: =COUNTIF('肖锐03'!U:U,"是")/E33 | M33: =COUNTIF('肖锐03'!V:V,"是")/E33 | N33: =COUNTIF('肖锐03'!Z:Z,"是")/E33 | O33: =COUNTIF('肖锐03'!AA:AA,"是")/E33 | P33: =COUNTIF('肖锐03'!AI:AI,"是")/E33 | U33: 新宝利 | V33: =SUMIF('零期·UV电访分配'!A:A,U33,'零期·UV电访分配'!AS:AS) | W33: =COUNTIF('零期·UV电访分配'!A:A,U33) | X33: =COUNTIFS('零期·UV电访分配'!A:A,U33,'零期·UV电访分配'!AH:AH,"是")/W33 | Y33: =COUNTIFS('零期·UV电访分配'!A:A,U33,'零期·UV电访分配'!S:S,"是")/W33 | Z33: =COUNTIFS('零期·UV电访分配'!A:A,U33,'零期·UV电访分配'!T:T,"是")/W33 | AA33: =COUNTIFS('零期·UV电访分配'!A:A,U33,'零期·UV电访分配'!AB:AB,"是")/W33 | AB33: =COUNTIFS('零期·UV电访分配'!A:A,U33,'零期·UV电访分配'!AD:AD,"是")/W33 | AC33: =SUMIF('零期·UV电访分配'!A:A,U33,'零期·UV电访分配'!AX:AX)/V33 | AD33: =COUNTIFS('零期·UV电访分配'!A:A,U33,'零期·UV电访分配'!AM:AM,"S")+COUNTIFS('零期·UV电访分配'!A:A,U33,'零期·UV电访分配'!AN:AN,"S")+COUNTIFS('零期·UV电访分配'!A:A,U33,'零期·UV电访分配'!AO:AO,"S") | AE33: =AD33/V33 | AF33: =COUNTIFS('零期·UV电访分配'!A:A,U33,'零期·UV电访分配'!AM:AM,"A")+COUNTIFS('零期·UV电访分配'!A:A,U33,'零期·UV电访分配'!AN:AN,"A")+COUNTIFS('零期·UV电访分配'!A:A,U33,'零期·UV电访分配'!AO:AO,"A") | AG33: =AF33/V33 | AH33: =COUNTIFS('零期·UV电访分配'!A:A,U33,'零期·UV电访分配'!AM:AM,"B")+COUNTIFS('零期·UV电访分配'!A:A,U33,'零期·UV电访分配'!AN:AN,"B")+COUNTIFS('零期·UV电访分配'!A:A,U33,'零期·UV电访分配'!AO:AO,"B") | AI33: =AH33/V33 | AJ33: =COUNTIFS('零期·UV电访分配'!A:A,U33,'零期·UV电访分配'!AM:AM,"C")+COUNTIFS('零期·UV电访分配'!A:A,U33,'零期·UV电访分配'!AN:AN,"C")+COUNTIFS('零期·UV电访分配'!A:A,U33,'零期·UV电访分配'!AO:AO,"C") | AK33: =AJ33/V33
B34: 高心怡04 | C34: 英语 | D34: 6 | E34: =COUNTIFS('UV台帐'!AF:AF,B34,'UV台帐'!AK:AK,"在读") | F34: =E34/(D34*25) | G34: =SUMPRODUCT(('UV台帐'!AF:AF=B34)*('UV台帐'!AL:AL="是")) | H34: =G34/E34 | I34: =COUNTIFS('UV台帐'!AF:AF,B34,'UV台帐'!AK:AK,"课前退") | J34: =I34/(E34+I34) | K34: =COUNTIF('高心怡04'!T:T,"是")/E34 | L34: =COUNTIF('高心怡04'!U:U,"是")/E34 | M34: =COUNTIF('高心怡04'!V:V,"是")/E34 | N34: =COUNTIF('高心怡04'!Z:Z,"是")/E34 | O34: =COUNTIF('高心怡04'!AA:AA,"是")/E34 | P34: =COUNTIF('高心怡04'!AI:AI,"是")/E34 | U34: 分校合计 | V34: =SUM(V31:V33) | W34: =SUM(W31:W33) | X34: =COUNTIF('零期·UV电访分配'!AH:AH,"是")/W34 | Y34: =COUNTIF('零期·UV电访分配'!S:S,"是")/W34 | Z34: =COUNTIF('零期·UV电访分配'!T:T,"是")/W34 | AA34: =COUNTIF('零期·UV电访分配'!AB:AB,"是")/W34 | AB34: =COUNTIF('零期·UV电访分配'!AD:AD,"是")/W34 | AC34: ='零期·UV电访分配'!AX2/V34 | AD34: =SUM(AD31:AD33) | AE34: =AD34/V34 | AF34: =SUM(AF31:AF33) | AG34: =AF34/V34 | AH34: =SUM(AH31:AH33) | AI34: =AH34/V34 | AJ34: =SUM(AJ31:AJ33) | AK34: =AJ34/V34
B35: 英语合计 | D35: =SUM(D32:D33) | E35: =SUM(E32:E34) | F35: =E35/(D35*25) | G35: =SUM(G32:G34) | H35: =G35/E35 | I35: =SUM(I32:I34) | J35: =I35/(E35+I35) | K35: =(K32*$E$32+K33*$E$33+K34*$E$34)/$E$35 | L35: =(L32*$E$32+L33*$E$33+L34*$E$34)/$E$35 | M35: =(M32*$E$32+M33*$E$33+M34*$E$34)/$E$35 | N35: =(N32*$E$32+N33*$E$33+N34*$E$34)/$E$35 | O35: =(O32*$E$32+O33*$E$33+O34*$E$34)/$E$35 | P35: =(P32*$E$32+P33*$E$33+P34*$E$34)/$E$35
B37: 零期汇总 | D37: 基础信息 | K37: 课前服务 | P37: 首课电访 | S37: 课中家长会
D38: =SUM(D40:D52)/2 | E38: =E44+E48+E52 | F38: =E38/(25*D38) | G38: =G44+G48+G52 | H38: =G38/E38 | I38: =SUM(I40:I52)/2 | J38: =I38/(E38+I38) | K38: =(K44*$E$44+K48*$E$48+K52*$E$52)/$E$38 | L38: =(L44*$E$44+L48*$E$48+L52*$E$52)/$E$38 | M38: =(M44*$E$44+M48*$E$48+M52*$E$52)/$E$38 | N38: =(N44*$E$44+N48*$E$48+N52*$E$52)/$E$38 | O38: =(O44*$E$44+O48*$E$48+O52*$E$52)/$E$38 | P38: =(P44*$E$44+P48*$E$48+P52*$E$52)/$E$38 | Q38: =SUM(Q40:Q52)/2 | R38: =SUM(R40:R52)/2 | S38: =SUM(S40:S52)/2 | T38: =S38/E38 | U38: =SUM(U40:U52)/2 | V38: =SUM(V40:V52)/2 | W38: =V38/U38 | X38: =SUM(X40:X52)/2 | Y38: =SUM(Y40:Y52)/2 | Z38: =Y38/X38 | AA38: =SUM(AA40:AA52)/2 | AB38: =AA38/E38
B39: 老师看板 | C39: 学科 | D39: 班量 | E39: 在读PV | F39: 满班率 | G39: 暑续秋PV | H39: 转化率 | I39: 课前退PV | J39: 课前退率 | K39: 加微率 | L39: 首联率 | M39: vip入群率 | N39: 课前诺访 | O39: 课前确访 | P39: 电访覆盖率 | Q39: 首课电联量 | R39: 差值 | S39: 课中诺访 | T39: 诺访率PV | U39: 7月4日应到 | V39: 7月4日实到 | W39: 到场率 | X39: 7月5日应到 | Y39: 7月5日实到 | Z39: 到场率 | AA39: 整体到场 | AB39: 到场率
B40: 陈中帅 | C40: 数学 | D40: 3 | E40: =COUNTIFS('UV台帐'!N:N,B40,'UV台帐'!S:S,"在读",'UV台帐'!R:R,"零期") | F40: =E40/(D40*25) | G40: =SUMPRODUCT(('UV台帐'!N:N=B40)*('UV台帐'!T:T="是")*('UV台帐'!R:R="零期")) | H40: =G40/E40 | I40: =COUNTIFS('UV台帐'!N:N,B40,'UV台帐'!S:S,"课前退",'UV台帐'!R:R,"零期") | J40: =I40/(E40+I40) | K40: =IFERROR(COUNTIFS('陈中帅'!T:T,"是",'陈中帅'!B:B,"零期")/E40,"") | L40: =COUNTIFS('陈中帅'!U:U,"是",'陈中帅'!B:B,"零期")/E40 | M40: =COUNTIFS('陈中帅'!V:V,"是",'陈中帅'!B:B,"零期")/E40 | N40: =COUNTIFS('陈中帅'!Z:Z,"是",'陈中帅'!B:B,"零期")/E40 | O40: =COUNTIFS('陈中帅'!AA:AA,"是",'陈中帅'!B:B,"零期")/E40 | P40: =COUNTIFS('陈中帅'!AI:AI,"是",'陈中帅'!B:B,"零期")/E40 | Q40: =COUNTIFS('陈中帅'!AI:AI,"是",'陈中帅'!B:B,"零期") | R40: =Q40-E40 | S40: =COUNTIFS('零期·UV电访分配'!E:E,B40,'零期·UV电访分配'!AB:AB,"是") | T40: =S40/E40 | U40: =COUNTIFS('零期·UV电访分配'!E:E,B40,'零期·UV电访分配'!I:I,"在读",'零期·UV电访分配'!H:H,"零期",'零期·UV电访分配'!A:A,"同创汇") | V40: =COUNTIFS('零期·UV电访分配'!E:E,B40,'零期·UV电访分配'!I:I,"在读",'零期·UV电访分配'!H:H,"零期",'零期·UV电访分配'!A:A,"同创汇",'零期·UV电访分配'!AD:AD,"是") | W40: =V40/U40 | X40: =COUNTIFS('零期·UV电访分配'!E:E,B40,'零期·UV电访分配'!I:I,"在读",'零期·UV电访分配'!H:H,"零期",'零期·UV电访分配'!A:A,"新宝利") | Y40: =COUNTIFS('零期·UV电访分配'!E:E,B40,'零期·UV电访分配'!I:I,"在读",'零期·UV电访分配'!H:H,"零期",'零期·UV电访分配'!A:A,"新宝利",'零期·UV电访分配'!AD:AD,"是") | Z40: =Y40/X40 | AA40: =Y40+V40 | AB40: =AA40/E40
B41: 何咏04 | C41: 数学 | D41: 0 | E41: =COUNTIFS('UV台帐'!N:N,B41,'UV台帐'!S:S,"在读",'UV台帐'!R:R,"零期") | F41: =IFERROR(E41/(D41*25),"0") | G41: =SUMPRODUCT(('UV台帐'!N:N=B41)*('UV台帐'!T:T="是")*('UV台帐'!R:R="零期")) | H41: =IFERROR(G41/E41,"0") | I41: =COUNTIFS('UV台帐'!N:N,B41,'UV台帐'!S:S,"课前退",'UV台帐'!R:R,"零期") | J41: =IFERROR(I41/(E41+I41),"0") | K41: =IFERROR(COUNTIFS('何咏04'!T:T,"是",'何咏04'!B:B,"零期")/E41,"0") | L41: =IFERROR(COUNTIFS('何咏04'!U:U,"是",'何咏04'!B:B,"零期")/E41,"0") | M41: =IFERROR(COUNTIFS('何咏04'!V:V,"是",'何咏04'!B:B,"零期")/E41,"0") | N41: =IFERROR(COUNTIFS('何咏04'!Z:Z,"是",'何咏04'!B:B,"零期")/E41,"0") | O41: =IFERROR(COUNTIFS('何咏04'!AA:AA,"是",'何咏04'!B:B,"零期")/E41,"0") | P41: =IFERROR(COUNTIFS('何咏04'!AB:AB,"是",'何咏04'!C:C,"零期")/F41,"0") | Q41: =IFERROR(COUNTIFS('何咏04'!AC:AC,"是",'何咏04'!D:D,"零期")/G41,"0") | R41: =Q41-E41 | S41: =COUNTIFS('零期·UV电访分配'!E:E,B41,'零期·UV电访分配'!AB:AB,"是") | T41: =S41/E41 | U41: =COUNTIFS('零期·UV电访分配'!E:E,B41,'零期·UV电访分配'!I:I,"在读",'零期·UV电访分配'!H:H,"零期",'零期·UV电访分配'!A:A,"同创汇") | V41: =COUNTIFS('零期·UV电访分配'!E:E,B41,'零期·UV电访分配'!I:I,"在读",'零期·UV电访分配'!H:H,"零期",'零期·UV电访分配'!A:A,"同创汇",'零期·UV电访分配'!AD:AD,"是") | W41: =V41/U41 | Y41: 0 | Z41: =Y41/X41 | AA41: =Y41+V41 | AB41: =AA41/E41
B42: 田雨涵01 | C42: 数学 | D42: 2 | E42: =COUNTIFS('UV台帐'!N:N,B42,'UV台帐'!S:S,"在读",'UV台帐'!R:R,"零期") | F42: =E42/(D42*25) | G42: =SUMPRODUCT(('UV台帐'!N:N=B42)*('UV台帐'!T:T="是")*('UV台帐'!R:R="零期")) | H42: =G42/E42 | I42: =COUNTIFS('UV台帐'!N:N,B42,'UV台帐'!S:S,"课前退",'UV台帐'!R:R,"零期") | J42: =I42/(E42+I42) | K42: =COUNTIFS('田雨涵01'!T:T,"是",'田雨涵01'!B:B,"零期")/E42 | L42: =COUNTIFS('田雨涵01'!U:U,"是",'田雨涵01'!B:B,"零期")/E42 | M42: =COUNTIFS('田雨涵01'!V:V,"是",'田雨涵01'!B:B,"零期")/E42 | N42: =COUNTIFS('田雨涵01'!Z:Z,"是",'田雨涵01'!B:B,"零期")/E42 | O42: =COUNTIFS('田雨涵01'!AA:AA,"是",'田雨涵01'!B:B,"零期")/E42 | P42: =COUNTIFS('田雨涵01'!AI:AI,"是",'田雨涵01'!B:B,"零期")/E42 | Q42: =COUNTIFS('田雨涵01'!AI:AI,"是",'田雨涵01'!B:B,"零期") | R42: =Q42-E42 | S42: =COUNTIFS('零期·UV电访分配'!E:E,B42,'零期·UV电访分配'!AB:AB,"是") | T42: =S42/E42 | U42: =COUNTIFS('零期·UV电访分配'!E:E,B42,'零期·UV电访分配'!I:I,"在读",'零期·UV电访分配'!H:H,"零期",'零期·UV电访分配'!A:A,"同创汇") | V42: =COUNTIFS('零期·UV电访分配'!E:E,B42,'零期·UV电访分配'!I:I,"在读",'零期·UV电访分配'!H:H,"零期",'零期·UV电访分配'!A:A,"同创汇",'零期·UV电访分配'!AD:AD,"是") | W42: =V42/U42 | X42: =COUNTIFS('零期·UV电访分配'!E:E,B42,'零期·UV电访分配'!I:I,"在读",'零期·UV电访分配'!H:H,"零期",'零期·UV电访分配'!A:A,"新宝利") | Y42: =COUNTIFS('零期·UV电访分配'!E:E,B42,'零期·UV电访分配'!I:I,"在读",'零期·UV电访分配'!H:H,"零期",'零期·UV电访分配'!A:A,"新宝利",'零期·UV电访分配'!AD:AD,"是") | Z42: =Y42/X42 | AA42: =Y42+V42 | AB42: =AA42/E42
B43: 宗志鹏 | C43: 数学 | D43: 0 | E43: =COUNTIFS('UV台帐'!N:N,B43,'UV台帐'!S:S,"在读",'UV台帐'!R:R,"零期") | F43: =IFERROR(E43/(D43*25),"0") | G43: =SUMPRODUCT(('UV台帐'!N:N=B43)*('UV台帐'!T:T="是")*('UV台帐'!R:R="零期")) | H43: =IFERROR(G43/E43,"0") | I43: =COUNTIFS('UV台帐'!N:N,B43,'UV台帐'!S:S,"课前退",'UV台帐'!R:R,"零期") | J43: =IFERROR(I43/(E43+I43),"0") | K43: =IFERROR(COUNTIFS('宗志鹏'!T:T,"是",'宗志鹏'!B:B,"零期")/E43,"0") | L43: =IFERROR(COUNTIFS('宗志鹏'!U:U,"是",'宗志鹏'!B:B,"零期")/E43,"0") | M43: =IFERROR(COUNTIFS('宗志鹏'!V:V,"是",'宗志鹏'!B:B,"零期")/E43,"0") | N43: =IFERROR(COUNTIFS('宗志鹏'!Z:Z,"是",'宗志鹏'!B:B,"零期")/E43,"0") | O43: =IFERROR(COUNTIFS('宗志鹏'!AA:AA,"是",'宗志鹏'!B:B,"零期")/E43,"0") | P43: =IFERROR(COUNTIFS('宗志鹏'!AB:AB,"是",'宗志鹏'!C:C,"零期")/F43,"0") | Q43: =IFERROR(COUNTIFS('宗志鹏'!AC:AC,"是",'宗志鹏'!D:D,"零期")/G43,"0") | R43: =Q43-E43 | S43: =COUNTIFS('零期·UV电访分配'!E:E,B43,'零期·UV电访分配'!AB:AB,"是") | T43: =S43/E43 | U43: =COUNTIFS('零期·UV电访分配'!E:E,B43,'零期·UV电访分配'!I:I,"在读",'零期·UV电访分配'!H:H,"零期",'零期·UV电访分配'!A:A,"同创汇") | V43: 0 | W43: =V43/U43 | Y43: 0 | Z43: =Y43/X43 | AA43: =Y43+V43 | AB43: =AA43/E43
B44: 数学合计 | D44: =SUM(D40:D43) | E44: =SUM(E40:E43) | F44: =E44/(D44*25) | G44: =SUM(G40:G43) | H44: =G44/E44 | I44: =SUM(I40:I43) | J44: =I44/(E44+I44) | K44: =(K40*$E$40+K41*$E$41+K42*$E$42+K43*$E$43)/$E$44 | L44: =(L40*$E$40+L41*$E$41+L42*$E$42+L43*$E$43)/$E$44 | M44: =(M40*$E$40+M41*$E$41+M42*$E$42+M43*$E$43)/$E$44 | N44: =(N40*$E$40+N41*$E$41+N42*$E$42+N43*$E$43)/$E$44 | O44: =(O40*$E$40+O41*$E$41+O42*$E$42+O43*$E$43)/$E$44 | P44: =(P40*$E$40+P41*$E$41+P42*$E$42+P43*$E$43)/$E$44 | Q44: =SUM(Q40:Q42) | R44: =Q44-E44 | S44: =SUM(S40:S42) | T44: =S44/E44 | U44: =SUM(U40:U42) | V44: =SUM(V40:V42) | W44: =V44/U44 | X44: =SUM(X40:X42) | Y44: =SUM(Y40:Y42) | Z44: =Y44/X44 | AA44: =Y44+V44 | AB44: =AA44/E44
B45: 黄铭怡 | C45: 语文 | D45: 2 | E45: =COUNTIFS('UV台帐'!W:W,B45,'UV台帐'!AB:AB,"在读",'UV台帐'!AA:AA,"零期") | F45: =E45/(D45*25) | G45: =SUMPRODUCT(('UV台帐'!W:W=B45)*('UV台帐'!AC:AC="是")*('UV台帐'!AA:AA="零期")) | H45: =G45/E45 | I45: =COUNTIFS('UV台帐'!W:W,B45,'UV台帐'!AB:AB,"课前退",'UV台帐'!AA:AA,"零期") | J45: =I45/(E45+I45) | K45: =COUNTIFS('黄铭怡'!T:T,"是",'黄铭怡'!B:B,"零期")/E45 | L45: =COUNTIFS('黄铭怡'!U:U,"是",'黄铭怡'!B:B,"零期")/E45 | M45: =COUNTIFS('黄铭怡'!V:V,"是",'黄铭怡'!B:B,"零期")/E45 | N45: =COUNTIFS('黄铭怡'!Z:Z,"是",'黄铭怡'!B:B,"零期")/E45 | O45: =COUNTIFS('黄铭怡'!AA:AA,"是",'黄铭怡'!B:B,"零期")/E45 | P45: =COUNTIFS('黄铭怡'!AI:AI,"是",'黄铭怡'!B:B,"零期")/E45 | Q45: =COUNTIFS('黄铭怡'!AI:AI,"是",'黄铭怡'!B:B,"零期") | R45: =Q45-E45 | S45: =COUNTIFS('零期·UV电访分配'!J:J,B45,'零期·UV电访分配'!AB:AB,"是") | T45: =S45/E45 | U45: =COUNTIFS('零期·UV电访分配'!J:J,B45,'零期·UV电访分配'!M:M,"在读",'零期·UV电访分配'!L:L,"零期",'零期·UV电访分配'!A:A,"同创汇") | V45: =COUNTIFS('零期·UV电访分配'!J:J,B45,'零期·UV电访分配'!M:M,"在读",'零期·UV电访分配'!L:L,"零期",'零期·UV电访分配'!A:A,"同创汇",'零期·UV电访分配'!AD:AD,"是") | W45: =V45/U45 | X45: =COUNTIFS('零期·UV电访分配'!J:J,B45,'零期·UV电访分配'!M:M,"在读",'零期·UV电访分配'!L:L,"零期",'零期·UV电访分配'!A:A,"新宝利") | Y45: =COUNTIFS('零期·UV电访分配'!J:J,B45,'零期·UV电访分配'!M:M,"在读",'零期·UV电访分配'!L:L,"零期",'零期·UV电访分配'!A:A,"新宝利",'零期·UV电访分配'!AD:AD,"是") | Z45: =Y45/X45 | AA45: =Y45+V45 | AB45: =AA45/E45
B46: 李润 | C46: 语文 | D46: 2 | E46: =COUNTIFS('UV台帐'!W:W,B46,'UV台帐'!AB:AB,"在读",'UV台帐'!AA:AA,"零期") | F46: =E46/(D46*25) | G46: =SUMPRODUCT(('UV台帐'!W:W=B46)*('UV台帐'!AC:AC="是")*('UV台帐'!AA:AA="零期")) | H46: =G46/E46 | I46: =COUNTIFS('UV台帐'!W:W,B46,'UV台帐'!AB:AB,"课前退",'UV台帐'!AA:AA,"零期") | J46: =I46/(E46+I46) | K46: =COUNTIFS('李润'!T:T,"是",'李润'!B:B,"零期")/E46 | L46: =COUNTIFS('李润'!U:U,"是",'李润'!B:B,"零期")/E46 | M46: =COUNTIFS('李润'!V:V,"是",'李润'!B:B,"零期")/E46 | N46: =COUNTIFS('李润'!Z:Z,"是",'李润'!B:B,"零期")/E46 | O46: =COUNTIFS('李润'!AA:AA,"是",'李润'!B:B,"零期")/E46 | P46: =COUNTIFS('李润'!AI:AI,"是",'李润'!B:B,"零期")/E46 | Q46: =COUNTIFS('李润'!AI:AI,"是",'李润'!B:B,"零期") | R46: =Q46-E46 | S46: =COUNTIFS('零期·UV电访分配'!J:J,B46,'零期·UV电访分配'!AB:AB,"是") | T46: =S46/E46 | U46: =COUNTIFS('零期·UV电访分配'!J:J,B46,'零期·UV电访分配'!M:M,"在读",'零期·UV电访分配'!L:L,"零期",'零期·UV电访分配'!A:A,"同创汇") | V46: =COUNTIFS('零期·UV电访分配'!J:J,B46,'零期·UV电访分配'!M:M,"在读",'零期·UV电访分配'!L:L,"零期",'零期·UV电访分配'!A:A,"同创汇",'零期·UV电访分配'!AD:AD,"是") | W46: =V46/U46 | X46: =COUNTIFS('零期·UV电访分配'!J:J,B46,'零期·UV电访分配'!M:M,"在读",'零期·UV电访分配'!L:L,"零期",'零期·UV电访分配'!A:A,"新宝利") | Y46: =COUNTIFS('零期·UV电访分配'!J:J,B46,'零期·UV电访分配'!M:M,"在读",'零期·UV电访分配'!L:L,"零期",'零期·UV电访分配'!A:A,"新宝利",'零期·UV电访分配'!AD:AD,"是") | Z46: =Y46/X46 | AA46: =Y46+V46 | AB46: =AA46/E46
B47: 陈南05 | C47: 语文 | D47: 1 | E47: =COUNTIFS('UV台帐'!W:W,B47,'UV台帐'!AB:AB,"在读",'UV台帐'!AA:AA,"零期") | F47: =E47/(D47*25) | G47: =SUMPRODUCT(('UV台帐'!W:W=B47)*('UV台帐'!AC:AC="是")*('UV台帐'!AA:AA="零期")) | H47: =G47/E47 | I47: =COUNTIFS('UV台帐'!W:W,B47,'UV台帐'!AB:AB,"课前退",'UV台帐'!AA:AA,"零期") | J47: =I47/(E47+I47) | K47: =COUNTIFS('陈南05'!T:T,"是",'陈南05'!B:B,"零期")/E47 | L47: =COUNTIFS('陈南05'!U:U,"是",'陈南05'!B:B,"零期")/E47 | M47: =COUNTIFS('陈南05'!V:V,"是",'陈南05'!B:B,"零期")/E47 | N47: =COUNTIFS('陈南05'!Z:Z,"是",'陈南05'!B:B,"零期")/E47 | O47: =COUNTIFS('陈南05'!AA:AA,"是",'陈南05'!B:B,"零期")/E47 | P47: =COUNTIFS('陈南05'!AI:AI,"是",'陈南05'!B:B,"零期")/E47 | Q47: =COUNTIFS('陈南05'!AI:AI,"是",'陈南05'!B:B,"零期") | R47: =Q47-E47 | S47: =COUNTIFS('零期·UV电访分配'!J:J,B47,'零期·UV电访分配'!AB:AB,"是") | T47: =S47/E47 | U47: =COUNTIFS('零期·UV电访分配'!J:J,B47,'零期·UV电访分配'!M:M,"在读",'零期·UV电访分配'!L:L,"零期",'零期·UV电访分配'!A:A,"同创汇") | V47: =COUNTIFS('零期·UV电访分配'!J:J,B47,'零期·UV电访分配'!M:M,"在读",'零期·UV电访分配'!L:L,"零期",'零期·UV电访分配'!A:A,"同创汇",'零期·UV电访分配'!AD:AD,"是") | W47: =V47/U47 | X47: =COUNTIFS('零期·UV电访分配'!J:J,B47,'零期·UV电访分配'!M:M,"在读",'零期·UV电访分配'!L:L,"零期",'零期·UV电访分配'!A:A,"新宝利") | Y47: =COUNTIFS('零期·UV电访分配'!J:J,B47,'零期·UV电访分配'!M:M,"在读",'零期·UV电访分配'!L:L,"零期",'零期·UV电访分配'!A:A,"新宝利",'零期·UV电访分配'!AD:AD,"是") | Z47: =IFERROR(Y47/X47,0) | AA47: =Y47+V47 | AB47: =AA47/E47
B48: 语文合计 | D48: =SUM(D45:D47) | E48: =SUM(E45:E47) | F48: =E48/(D48*25) | G48: =SUM(G45:G47) | H48: =G48/E48 | I48: =SUM(I45:I47) | J48: =I48/(E48+I48) | K48: =(K45*$E$45+K46*$E$46+K47*$E$47)/$E$48 | L48: =(L45*$E$45+L46*$E$46+L47*$E$47)/$E$48 | M48: =(M45*$E$45+M46*$E$46+M47*$E$47)/$E$48 | N48: =(N45*$E$45+N46*$E$46+N47*$E$47)/$E$48 | O48: =(O45*$E$45+O46*$E$46+O47*$E$47)/$E$48 | P48: =(P45*$E$45+P46*$E$46+P47*$E$47)/$E$48 | Q48: =SUM(Q45:Q47) | R48: =Q48-E48 | S48: =SUM(S45:S47) | T48: =S48/E48 | U48: =SUM(U45:U47) | V48: =SUM(V45:V47) | W48: =V48/U48 | X48: =SUM(X45:X47) | Y48: =SUM(Y45:Y47) | Z48: =Y48/X48 | AA48: =Y48+V48 | AB48: =AA48/E48
B49: 刘希子 | C49: 英语 | D49: 2 | E49: =COUNTIFS('UV台帐'!AF:AF,B49,'UV台帐'!AK:AK,"在读",'UV台帐'!AJ:AJ,"零期") | F49: =E49/(D49*25) | G49: =SUMPRODUCT(('UV台帐'!AF:AF=B49)*('UV台帐'!AL:AL="是")*('UV台帐'!AJ:AJ="零期")) | H49: =G49/E49 | I49: =COUNTIFS('UV台帐'!AF:AF,B49,'UV台帐'!AK:AK,"课前退",'UV台帐'!AJ:AJ,"零期") | J49: =I49/(E49+I49) | K49: =COUNTIFS('刘希子'!T:T,"是",'刘希子'!B:B,"零期")/E49 | L49: =COUNTIFS('刘希子'!U:U,"是",'刘希子'!B:B,"零期")/E49 | M49: =COUNTIFS('刘希子'!V:V,"是",'刘希子'!B:B,"零期")/E49 | N49: =COUNTIFS('刘希子'!Z:Z,"是",'刘希子'!B:B,"零期")/E49 | O49: =COUNTIFS('刘希子'!AA:AA,"是",'刘希子'!B:B,"零期")/E49 | P49: =COUNTIFS('刘希子'!AI:AI,"是",'刘希子'!B:B,"零期")/E49 | Q49: =COUNTIFS('刘希子'!AI:AI,"是",'刘希子'!B:B,"零期") | R49: =Q49-E49 | S49: =COUNTIFS('零期·UV电访分配'!N:N,B49,'零期·UV电访分配'!AB:AB,"是") | T49: =S49/E49 | U49: =COUNTIFS('零期·UV电访分配'!N:N,B49,'零期·UV电访分配'!Q:Q,"在读",'零期·UV电访分配'!P:P,"零期",'零期·UV电访分配'!A:A,"同创汇") | V49: =COUNTIFS('零期·UV电访分配'!N:N,B49,'零期·UV电访分配'!Q:Q,"在读",'零期·UV电访分配'!P:P,"零期",'零期·UV电访分配'!A:A,"同创汇",'零期·UV电访分配'!AD:AD,"是") | W49: =V49/U49 | X49: =COUNTIFS('零期·UV电访分配'!N:N,B49,'零期·UV电访分配'!Q:Q,"在读",'零期·UV电访分配'!P:P,"零期",'零期·UV电访分配'!A:A,"新宝利") | Y49: =COUNTIFS('零期·UV电访分配'!N:N,B49,'零期·UV电访分配'!Q:Q,"在读",'零期·UV电访分配'!P:P,"零期",'零期·UV电访分配'!A:A,"新宝利",'零期·UV电访分配'!AD:AD,"是") | Z49: =IFERROR(Y49/X49,0) | AA49: =Y49+V49 | AB49: =AA49/E49
B50: 肖锐03 | C50: 英语 | D50: 2 | E50: =COUNTIFS('UV台帐'!AF:AF,B50,'UV台帐'!AK:AK,"在读",'UV台帐'!AJ:AJ,"零期") | F50: =E50/(D50*25) | G50: =SUMPRODUCT(('UV台帐'!AF:AF=B50)*('UV台帐'!AL:AL="是")*('UV台帐'!AJ:AJ="零期")) | H50: =G50/E50 | I50: =COUNTIFS('UV台帐'!AF:AF,B50,'UV台帐'!AK:AK,"课前退",'UV台帐'!AJ:AJ,"零期") | J50: =I50/(E50+I50) | K50: =COUNTIFS('肖锐03'!T:T,"是",'肖锐03'!B:B,"零期")/E50 | L50: =COUNTIFS('肖锐03'!U:U,"是",'肖锐03'!B:B,"零期")/E50 | M50: =COUNTIFS('肖锐03'!V:V,"是",'肖锐03'!B:B,"零期")/E50 | N50: =COUNTIFS('肖锐03'!Z:Z,"是",'肖锐03'!B:B,"零期")/E50 | O50: =COUNTIFS('肖锐03'!AA:AA,"是",'肖锐03'!B:B,"零期")/E50 | P50: =COUNTIFS('肖锐03'!AI:AI,"是",'肖锐03'!B:B,"零期")/E50 | Q50: =COUNTIFS('肖锐03'!AI:AI,"是",'肖锐03'!B:B,"零期") | R50: =Q50-E50 | S50: =COUNTIFS('零期·UV电访分配'!N:N,B50,'零期·UV电访分配'!AB:AB,"是") | T50: =S50/E50 | U50: =COUNTIFS('零期·UV电访分配'!N:N,B50,'零期·UV电访分配'!Q:Q,"在读",'零期·UV电访分配'!P:P,"零期",'零期·UV电访分配'!A:A,"同创汇") | V50: =COUNTIFS('零期·UV电访分配'!N:N,B50,'零期·UV电访分配'!Q:Q,"在读",'零期·UV电访分配'!P:P,"零期",'零期·UV电访分配'!A:A,"同创汇",'零期·UV电访分配'!AD:AD,"是") | W50: =IFERROR(V50/U50,0) | X50: =COUNTIFS('零期·UV电访分配'!N:N,B50,'零期·UV电访分配'!Q:Q,"在读",'零期·UV电访分配'!P:P,"零期",'零期·UV电访分配'!A:A,"新宝利") | Y50: =COUNTIFS('零期·UV电访分配'!N:N,B50,'零期·UV电访分配'!Q:Q,"在读",'零期·UV电访分配'!P:P,"零期",'零期·UV电访分配'!A:A,"新宝利",'零期·UV电访分配'!AD:AD,"是") | Z50: =Y50/X50 | AA50: =Y50+V50 | AB50: =AA50/E50
B51: 高心怡04 | C51: 英语 | D51: 1 | E51: =COUNTIFS('UV台帐'!AF:AF,B51,'UV台帐'!AK:AK,"在读",'UV台帐'!AJ:AJ,"零期") | F51: =E51/(D51*25) | G51: =SUMPRODUCT(('UV台帐'!AF:AF=B51)*('UV台帐'!AL:AL="是")*('UV台帐'!AJ:AJ="零期")) | H51: =G51/E51 | I51: =COUNTIFS('UV台帐'!AF:AF,B51,'UV台帐'!AK:AK,"课前退",'UV台帐'!AJ:AJ,"零期") | J51: =I51/(E51+I51) | K51: =COUNTIFS('高心怡04'!T:T,"是",'高心怡04'!B:B,"零期")/E51 | L51: =COUNTIFS('高心怡04'!U:U,"是",'高心怡04'!B:B,"零期")/E51 | M51: =COUNTIFS('高心怡04'!V:V,"是",'高心怡04'!B:B,"零期")/E51 | N51: =COUNTIFS('高心怡04'!Z:Z,"是",'高心怡04'!B:B,"零期")/E51 | O51: =COUNTIFS('高心怡04'!AA:AA,"是",'高心怡04'!B:B,"零期")/E51 | P51: =COUNTIFS('高心怡04'!AI:AI,"是",'高心怡04'!B:B,"零期")/E51 | Q51: =COUNTIFS('高心怡04'!AI:AI,"是",'高心怡04'!B:B,"零期") | R51: =Q51-E51 | S51: =COUNTIFS('零期·UV电访分配'!N:N,B51,'零期·UV电访分配'!AB:AB,"是") | T51: =S51/E51 | U51: =COUNTIFS('零期·UV电访分配'!N:N,B51,'零期·UV电访分配'!Q:Q,"在读",'零期·UV电访分配'!P:P,"零期",'零期·UV电访分配'!A:A,"同创汇") | V51: =COUNTIFS('零期·UV电访分配'!N:N,B51,'零期·UV电访分配'!Q:Q,"在读",'零期·UV电访分配'!P:P,"零期",'零期·UV电访分配'!A:A,"同创汇",'零期·UV电访分配'!AD:AD,"是") | W51: =V51/U51 | X51: =COUNTIFS('零期·UV电访分配'!N:N,B51,'零期·UV电访分配'!Q:Q,"在读",'零期·UV电访分配'!P:P,"零期",'零期·UV电访分配'!A:A,"新宝利") | Y51: =COUNTIFS('零期·UV电访分配'!N:N,B51,'零期·UV电访分配'!Q:Q,"在读",'零期·UV电访分配'!P:P,"零期",'零期·UV电访分配'!A:A,"新宝利",'零期·UV电访分配'!AD:AD,"是") | Z51: =IFERROR(Y51/X51,0) | AA51: =Y51+V51 | AB51: =AA51/E51
B52: 英语合计 | D52: =SUM(D49:D51) | E52: =SUM(E49:E51) | F52: =E52/(D52*25) | G52: =SUM(G49:G51) | H52: =G52/E52 | I52: =SUM(I49:I51) | J52: =I52/(E52+I52) | K52: =(K49*$E$49+K50*$E$50+K51*$E$51)/$E$52 | L52: =(L49*$E$49+L50*$E$50+L51*$E$51)/$E$52 | M52: =(M49*$E$49+M50*$E$50+M51*$E$51)/$E$52 | N52: =(N49*$E$49+N50*$E$50+N51*$E$51)/$E$52 | O52: =(O49*$E$49+O50*$E$50+O51*$E$51)/$E$52 | P52: =(P49*$E$49+P50*$E$50+P51*$E$51)/$E$52 | Q52: =SUM(Q49:Q51) | R52: =Q52-E52 | S52: =SUM(S49:S51) | T52: =S52/E52 | U52: =SUM(U49:U51) | V52: =SUM(V49:V51) | W52: =V52/U52 | X52: =SUM(X49:X51) | Y52: =SUM(Y49:Y51) | Z52: =Y52/X52 | AA52: =Y52+V52 | AB52: =AA52/E52
B56: 分校合计 | D56: =D62+D66+D70 | E56: =SUM(E58:E70)/2 | F56: =D56-E56 | G56: =F56*55% | H56: =SUM(H58:H70)/2 | I56: =H56/F56 | J56: =H56/G56
B57: 所属校区 | C57: 顾问 | D57: 零期总PV | E57: 已转PV | F57: 应转PV | G57: 转化目标 | H57: 实际转化PV | I57: 实际转化率 | J57: 达成率
B58: 天成 | C58: 陈亮延 | D58: =SUMIF('零期·UV电访分配'!AE:AE,C58,'零期·UV电访分配'!AS:AS) | F58: =D58-E58 | G58: =F58*55% | H58: =SUMIF('零期·UV电访分配'!AE:AE,C58,'零期·UV电访分配'!AX:AX)-E58 | I58: =H58/F58 | J58: =H58/G58
C59: 王达04 | D59: =SUMIF('零期·UV电访分配'!AE:AE,C59,'零期·UV电访分配'!AS:AS) | F59: =D59-E59 | G59: =F59*55% | H59: =SUMIF('零期·UV电访分配'!AE:AE,C59,'零期·UV电访分配'!AX:AX)-E59 | I59: =H59/F59 | J59: =H59/G59
C60: 沈思浩 | D60: =SUMIF('零期·UV电访分配'!AE:AE,C60,'零期·UV电访分配'!AS:AS) | E60: 2 | F60: =D60-E60 | G60: =F60*55% | H60: =SUMIF('零期·UV电访分配'!AE:AE,C60,'零期·UV电访分配'!AX:AX)-E60 | I60: =H60/F60 | J60: =H60/G60
C61: 龙倩敏 | D61: =SUMIF('零期·UV电访分配'!AE:AE,C61,'零期·UV电访分配'!AS:AS) | F61: =D61-E61 | G61: =F61*55% | H61: =SUMIF('零期·UV电访分配'!AE:AE,C61,'零期·UV电访分配'!AX:AX)-E61 | I61: =H61/F61 | J61: =H61/G61
B62: 合计 | D62: =SUM(D58:D61) | E62: =SUM(E58:E61) | F62: =D62-E62 | G62: =F62*55% | H62: =SUM(H58:H61) | I62: =H62/F62 | J62: =H62/G62
B63: 同创汇 | C63: 戎凯01 | D63: =SUMIF('零期·UV电访分配'!AE:AE,C63,'零期·UV电访分配'!AS:AS) | E63: 7 | F63: =D63-E63 | G63: =F63*55% | H63: =SUMIF('零期·UV电访分配'!AE:AE,C63,'零期·UV电访分配'!AX:AX)-E63 | I63: =H63/F63 | J63: =H63/G63
C64: 王丽 | D64: =SUMIF('零期·UV电访分配'!AE:AE,C64,'零期·UV电访分配'!AS:AS) | E64: 17 | F64: =D64-E64 | G64: =F64*55% | H64: =SUMIF('零期·UV电访分配'!AE:AE,C64,'零期·UV电访分配'!AX:AX)-E64 | I64: =H64/F64 | J64: =H64/G64
C65: 苏丽婷 | D65: =SUMIF('零期·UV电访分配'!AE:AE,C65,'零期·UV电访分配'!AS:AS) | E65: 1 | F65: =D65-E65 | G65: =F65*55% | H65: =SUMIF('零期·UV电访分配'!AE:AE,C65,'零期·UV电访分配'!AX:AX)-E65 | I65: =H65/F65 | J65: =H65/G65
B66: 合计 | D66: =SUM(D63:D65) | E66: =SUM(E63:E65) | F66: =D66-E66 | G66: =F66*55% | H66: =SUM(H63:H65) | I66: =H66/F66 | J66: =H66/G66
B67: 新宝利 | C67: 杨林33 | D67: =SUMIF('零期·UV电访分配'!AE:AE,C67,'零期·UV电访分配'!AS:AS) | F67: =D67-E67 | G67: =F67*55% | H67: =SUMIF('零期·UV电访分配'!AE:AE,C67,'零期·UV电访分配'!AX:AX)-E67 | I67: =H67/F67 | J67: =H67/G67
C68: 林志豪01 | D68: =SUMIF('零期·UV电访分配'!AE:AE,C68,'零期·UV电访分配'!AS:AS) | E68: 12 | F68: =D68-E68 | G68: =F68*55% | H68: =SUMIF('零期·UV电访分配'!AE:AE,C68,'零期·UV电访分配'!AX:AX)-E68 | I68: =H68/F68 | J68: =H68/G68
C69: 张敏烨 | D69: =SUMIF('零期·UV电访分配'!AE:AE,C69,'零期·UV电访分配'!AS:AS) | E69: 3 | F69: =D69-E69 | G69: =F69*55% | H69: =SUMIF('零期·UV电访分配'!AE:AE,C69,'零期·UV电访分配'!AX:AX)-E69 | I69: =H69/F69 | J69: =H69/G69
B70: 合计 | D70: =SUM(D67:D69) | E70: =SUM(E67:E69) | F70: =D70-E70 | G70: =F70*55% | H70: =SUM(H67:H69) | I70: =H70/F70 | J70: =H70/G70
B72: 校区 | C72: 零期总PV | D72: 已转PV | E72: 应转PV | F72: 转化目标 | G72: 实际转化PV | H72: 实际转化率 | I72: 达成率
B73: 天成大厦 | C73: =SUMIF('零期·UV电访分配'!A:A,B73,'零期·UV电访分配'!AS:AS) | D73: 2 | E73: =C73-D73 | F73: =E73*55% | G73: =SUMIF('零期·UV电访分配'!A:A,B73,'零期·UV电访分配'!AX:AX)-D73 | H73: =G73/E73 | I73: =G73/F73
B74: 同创汇 | C74: =SUMIF('零期·UV电访分配'!A:A,B74,'零期·UV电访分配'!AS:AS) | D74: 28 | E74: =C74-D74 | F74: =E74*55% | G74: =SUMIF('零期·UV电访分配'!A:A,B74,'零期·UV电访分配'!AX:AX)-D74 | H74: =G74/E74 | I74: =G74/F74
B75: 新宝利 | C75: =SUMIF('零期·UV电访分配'!A:A,B75,'零期·UV电访分配'!AS:AS) | D75: 14 | E75: =C75-D75 | F75: =E75*55% | G75: =SUMIF('零期·UV电访分配'!A:A,B75,'零期·UV电访分配'!AX:AX)-D75 | H75: =G75/E75 | I75: =G75/F75
B76: 分校合计 | C76: =SUM(C73:C75) | D76: =SUM(D73:D75) | E76: =C76-D76 | F76: =E76*55% | G76: =SUM(G73:G75) | H76: =G76/E76 | I76: =G76/F76

Sheet UV台帐
A1: 教学点 | B1: 学生uid | C1: 学生姓名 | D1: 归属顾问 | E1: 渠道来源 | F1: 备注 | G1: 介绍人 | H1: UV在读情况 | I1: 期次 | J1: 雪球思维 | U1: 悦读创作 | AD1: 双语素养 | AM1: 是否加入VIP群 | AN1: 家长会 | AR1: 顾问盘点
J2: 班级id | K2: 成绩来源 | L2: 报前测成绩 | M2: 校内未加权 | N2: 主讲 | O2: 教室 | P2: 上课时段 | Q2: 班型 | R2: 期次 | S2: 是否在读 | T2: 是否续秋 | U2: 班级id | V2: 报前测成绩 | W2: 主讲 | X2: 教室 | Y2: 上课时段 | Z2: 班型 | AA2: 期次 | AB2: 是否在读 | AC2: 是否续秋 | AD2: 班级id | AE2: 报前测成绩 | AF2: 主讲 | AG2: 教室 | AH2: 上课时段 | AI2: 班型 | AJ2: 期次 | AK2: 是否在读 | AL2: 是否续秋 | AN2: 课前诺访 | AO2: 课前确访 | AP2: 课中诺访 | AQ2: 课中确访 | AR2: 续费意愿 | AS2: 盘点依据
A3: 新宝利 | B3: 4859453289 | C3: 辉辉 | D3: 沈思浩 | H3: 在读 | I3: 三期 | J3: 5111035 | N3: 何咏04 | O3: 教室2 | P3: 15:50-18:00 | Q3: 启能班 | R3: 三期 | S3: 在读 | T3: - | U3: 5170873 | W3: 李润 | X3: 教室2 | Y3: 13:20-15:30 | Z3: 潜能班 | AA3: 三期 | AB3: 在读 | AC3: - | AD3: 5170871 | AF3: 肖锐03 | AG3: 教室2 | AH3: 10:20-12:30 | AI3: 潜能班 | AJ3: 三期 | AK3: 在读 | AL3: -
A4: 新宝利 | B4: 2365706460 | C4: 赵宏达 | D4: 张敏烨 | H4: 在读 | I4: 三期 | J4: 4632447 | N4: 田雨涵01 | O4: 教室5 | P4: 10:20-12:30 | Q4: 潜能班 | R4: 三期 | S4: 在读 | T4: - | U4: 5111226 | W4: 李润 | X4: 教室5 | Y4: 15:50-18:00 | Z4: 潜能班 | AA4: 三期 | AB4: 在读 | AC4: - | AD4: 4513388 | AF4: 肖锐03 | AG4: 教室5 | AH4: 13:20-15:30 | AI4: 潜能班 | AJ4: 三期 | AK4: 在读 | AL4: -
A5: 新宝利 | B5: 4739786737 | C5: 吴宸宇 | D5: 王丽 | H5: 在读 | I5: 二期 | J5: 5111034 | N5: 田雨涵01 | O5: 教室4 | P5: 13:20-15:30 | Q5: 潜能班 | R5: 二期 | S5: 在读 | T5: - | U5: - | W5: - | X5: - | Y5: - | Z5: - | AA5: - | AB5: - | AC5: - | AD5: - | AF5: - | AG5: - | AH5: - | AI5: - | AJ5: - | AK5: - | AL5: -
A6: 天成大厦 | B6: 4857404593 | C6: 许嘉言 | D6: 龙倩敏 | H6: 在读 | I6: 三期 | J6: 5230801 | N6: 宗志鹏 | O6: 03品尚 | P6: 13:20-15:30 | Q6: 潜能班 | R6: 三期 | S6: 在读 | T6: - | U6: 5230739 | W6: 李润 | X6: 03品尚 | Y6: 10:20-12:30 | Z6: 潜能班 | AA6: 三期 | AB6: 在读 | AC6: - | AD6: 5230788 | AF6: 刘希子 | AG6: 03品尚 | AH6: 15:50-18:00 | AI6: 潜能班 | AJ6: 三期 | AK6: 在读 | AL6: -
A7: 同创汇 | B7: 4238523947 | C7: 丁俊熙 | D7: 王丽 | H7: 在读 | I7: 一期 | J7: 5230802 | N7: 田雨涵01 | O7: 02彩虹桥 | P7: 15:50-18:00 | Q7: 潜能班 | R7: 一期 | S7: 在读 | T7: - | U7: 4632448 | W7: 陈南05 | X7: 02彩虹桥 | Y7: 10:20-12:30 | Z7: 潜能班 | AA7: 一期 | AB7: 在读 | AC7: - | AD7: 3132837 | AF7: 高心怡04 | AG7: 02彩虹桥 | AH7: 13:20-15:30 | AI7: 潜能班 | AJ7: 一期 | AK7: 在读 | AL7: -
A8: 同创汇 | B8: 2510657138 | C8: 梁赫 | D8: 戎凯01 | H8: 在读 | I8: 一期 | J8: 5230802 | N8: 田雨涵01 | O8: 02彩虹桥 | P8: 15:50-18:00 | Q8: 潜能班 | R8: 一期 | S8: 在读 | T8: - | U8: 4632448 | W8: 陈南05 | X8: 02彩虹桥 | Y8: 10:20-12:30 | Z8: 潜能班 | AA8: 一期 | AB8: 在读 | AC8: - | AD8: 3132837 | AF8: 高心怡04 | AG8: 02彩虹桥 | AH8: 13:20-15:30 | AI8: 潜能班 | AJ8: 一期 | AK8: 在读 | AL8: -
A9: 同创汇 | B9: 4858371265 | C9: 方嘉怡 | D9: 戎凯01 | H9: 在读 | I9: 二期 | J9: 3132872 | N9: 何咏04 | O9: 01智慧林 | P9: 13:20-15:30 | Q9: 潜能班 | R9: 二期 | S9: 在读 | T9: - | U9: 5230809 | W9: 李润 | X9: 01智慧林 | Y9: 10:20-12:30 | Z9: 潜能班 | AA9: 二期 | AB9: 在读 | AC9: - | AD9: 3132893 | AF9: 刘希子 | AG9: 01智慧林 | AH9: 15:50-18:00 | AI9: 潜能班 | AJ9: 二期 | AK9: 在读 | AL9: -
A10: 新宝利 | B10: 2341143960 | C10: 杨善曦 | D10: 杨林33 | H10: 在读 | I10: 一期 | J10: - | N10: - | O10: - | P10: - | Q10: - | R10: - | S10: - | T10: - | U10: 5230773 | W10: 陈南05 | X10: 教室2 | Y10: 15:50-18:00 | Z10: 潜能班 | AA10: 一期 | AB10: 在读 | AC10: - | AD10: 3132888 | AF10: 肖锐03 | AG10: 教室2 | AH10: 10:20-12:30 | AI10: 潜能班 | AJ10: 一期 | AK10: 在读 | AL10: -
A11: 新宝利 | B11: 2532873612 | C11: 范昕 | D11: 杨林33 | H11: 在读 | I11: 三期 | J11: 4632447 | N11: 田雨涵01 | O11: 教室5 | P11: 10:20-12:30 | Q11: 潜能班 | R11: 三期 | S11: 在读 | T11: - | U11: 5111226 | W11: 李润 | X11: 教室5 | Y11: 15:50-18:00 | Z11: 潜能班 | AA11: 三期 | AB11: 在读 | AC11: - | AD11: 5170871 | AF11: 肖锐03 | AG11: 教室2 | AH11: 10:20-12:30 | AI11: 潜能班 | AJ11: 三期 | AK11: 在读 | AL11: -
A12: 新宝利 | B12: 2649629431 | C12: 黄华辰 | D12: 林志豪01 | H12: 在读 | I12: 一期 | J12: 5230732 | N12: 何咏04 | O12: 教室3 | P12: 10:30-12:40 | Q12: 启能班 | R12: 一期 | S12: 在读 | T12: - | U12: 5230773 | W12: 陈南05 | X12: 教室2 | Y12: 15:50-18:00 | Z12: 潜能班 | AA12: 一期 | AB12: 在读 | AC12: - | AD12: 3132899 | AF12: 肖锐03 | AG12: 教室3 | AH12: 07:50-10:00 | AI12: 潜能班 | AJ12: 一期 | AK12: 在读 | AL12: -
A13: 新宝利 | B13: 2704638904 | C13: 许文铠 | D13: 林志豪01 | H13: 在读 | I13: 一期 | J13: 5230742 | N13: 何咏04 | O13: 教室2 | P13: 13:20-15:30 | Q13: 潜能班 | R13: 一期 | S13: 在读 | T13: - | U13: 5230773 | W13: 陈南05 | X13: 教室2 | Y13: 15:50-18:00 | Z13: 潜能班 | AA13: 一期 | AB13: 在读 | AC13: - | AD13: 3132899 | AF13: 肖锐03 | AG13: 教室3 | AH13: 07:50-10:00 | AI13: 潜能班 | AJ13: 一期 | AK13: 在读 | AL13: -
A14: 新宝利 | B14: 2260449861 | C14: 翟意恒 | D14: 杨林33 | H14: 在读 | I14: 一期 | J14: 5230732 | N14: 何咏04 | O14: 教室3 | P14: 10:30-12:40 | Q14: 启能班 | R14: 一期 | S14: 在读 | T14: - | U14: 5230773 | W14: 陈南05 | X14: 教室2 | Y14: 15:50-18:00 | Z14: 潜能班 | AA14: 一期 | AB14: 在读 | AC14: - | AD14: 3132899 | AF14: 肖锐03 | AG14: 教室3 | AH14: 07:50-10:00 | AI14: 潜能班 | AJ14: 一期 | AK14: 在读 | AL14: -
A15: 天成大厦 | B15: 4490857874 | C15: 郑惠雅 | D15: 沈思浩 | E15: 新生转介绍 | G15: 马诗涵 | H15: 在读 | I15: 一期/二期 | J15: 3132864 | K15: 校内成绩 | L15: 86 | M15: 96 | N15: 宗志鹏 | O15: 03品尚 | P15: 13:20-15:30 | Q15: 潜能班 | R15: 二期 | S15: 在读 | T15: - | U15: 3132834 | W15: 李润 | X15: 03品尚 | Y15: 07:50-10:00 | Z15: 潜能班 | AA15: 一期 | AB15: 在读 | AC15: - | AD15: 5230783 | AF15: 刘希子 | AG15: 03品尚 | AH15: 13:20-15:30 | AI15: 潜能班 | AJ15: 一期 | AK15: 在读 | AL15: -
A16: 天成大厦 | B16: 2568716390 | C16: 马诗涵 | D16: 沈思浩 | E16: 老生转介绍 | G16: 陈梓萱 | H16: 在读 | I16: 二期 | J16: 3132864 | K16: 校内成绩 | L16: 90 | M16: 100 | N16: 宗志鹏 | O16: 03品尚 | P16: 13:20-15:30 | Q16: 潜能班 | R16: 二期 | S16: 在读 | T16: - | U16: 3132810 | W16: 李润 | X16: 03品尚 | Y16: 15:50-18:00 | Z16: 潜能班 | AA16: 二期 | AB16: 在读 | AC16: - | AD16: 3132858 | AF16: 刘希子 | AG16: 03品尚 | AH16: 10:20-12:30 | AI16: 潜能班 | AJ16: 二期 | AK16: 在读 | AL16: -
A17: 同创汇 | B17: 2715584701 | C17: 陈俊杰 | D17: 林志豪01 | E17: 纯拉新 | H17: 在读 | I17: 一期/二期 | J17: 5230732 | K17: 校内成绩 | L17: 86 | M17: 95 | N17: 何咏04 | O17: 教室3 | P17: 10:30-12:40 | Q17: 启能班 | R17: 一期 | S17: 在读 | T17: - | U17: 5230809 | W17: 李润 | X17: 01智慧林 | Y17: 10:20-12:30 | Z17: 潜能班 | AA17: 二期 | AB17: 在读 | AC17: - | AD17: 3132893 | AF17: 刘希子 | AG17: 01智慧林 | AH17: 15:50-18:00 | AI17: 潜能班 | AJ17: 二期 | AK17: 在读 | AL17: -
A18: 同创汇 | B18: 2743981182 | C18: 杜宇图 | D18: 王丽 | E18: 纯拉新 | H18: 在读 | I18: 一期 | J18: - | N18: - | O18: - | P18: - | Q18: - | R18: - | S18: - | T18: - | U18: 4632448 | W18: 陈南05 | X18: 02彩虹桥 | Y18: 10:20-12:30 | Z18: 潜能班 | AA18: 一期 | AB18: 在读 | AC18: - | AD18: 3132837 | AF18: 高心怡04 | AG18: 02彩虹桥 | AH18: 13:20-15:30 | AI18: 潜能班 | AJ18: 一期 | AK18: 在读 | AL18: -
A19: 同创汇 | B19: 4103453629 | C19: 陈若涵 | D19: 苏丽婷 | E19: 纯拉新 | H19: 在读 | I19: 一期 | J19: 5230802 | K19: 校内成绩 | L19: 72 | M19: 90 | N19: 田雨涵01 | O19: 02彩虹桥 | P19: 15:50-18:00 | Q19: 潜能班 | R19: 一期 | S19: 在读 | T19: - | U19: 4632448 | W19: 陈南05 | X19: 02彩虹桥 | Y19: 10:20-12:30 | Z19: 潜能班 | AA19: 一期 | AB19: 在读 | AC19: - | AD19: 3132837 | AF19: 高心怡04 | AG19: 02彩虹桥 | AH19: 13:20-15:30 | AI19: 潜能班 | AJ19: 一期 | AK19: 在读 | AL19: -
A20: 新宝利 | B20: 2244875334 | C20: 闫睿欣 | D20: 张敏烨 | E20: 新生转介绍 | G20: 顾玉瑶 | H20: 在读 | I20: 三期 | J20: 3132902 | K20: 校内成绩 | L20: 72 | M20: 90 | N20: 陈中帅 | O20: 教室3 | P20: 13:20-15:30 | Q20: 潜能班 | R20: 三期 | S20: 在读 | T20: - | U20: 5111226 | W20: 李润 | X20: 教室5 | Y20: 15:50-18:00 | Z20: 潜能班 | AA20: 三期 | AB20: 在读 | AC20: - | AD20: 5170871 | AF20: 肖锐03 | AG20: 教室2 | AH20: 10:20-12:30 | AI20: 潜能班 | AJ20: 三期 | AK20: 在读 | AL20: -
A21: 同创汇 | B21: 2489383127 | C21: 黄喆 | D21: 张敏烨 | E21: 新生转介绍 | G21: 陈滢西 | H21: 在读 | I21: 一期 | J21: 5230802 | K21: 校内成绩 | L21: 72 | M21: 90 | N21: 田雨涵01 | O21: 02彩虹桥 | P21: 15:50-18:00 | Q21: 潜能班 | R21: 一期 | S21: 在读 | T21: - | U21: 4632448 | W21: 陈南05 | X21: 02彩虹桥 | Y21: 10:20-12:30 | Z21: 潜能班 | AA21: 一期 | AB21: 在读 | AC21: - | AD21: 3132837 | AF21: 高心怡04 | AG21: 02彩虹桥 | AH21: 13:20-15:30 | AI21: 潜能班 | AJ21: 一期 | AK21: 在读 | AL21: -
A22: 同创汇 | B22: 2304918401 | C22: 高凯文 | D22: 王丽 | E22: 老生转介绍 | G22: 李倬承 | H22: 在读 | I22: 二期 | J22: 3132872 | K22: 校内成绩 | L22: 72 | M22: 90 | N22: 何咏04 | O22: 01智慧林 | P22: 13:20-15:30 | Q22: 潜能班 | R22: 二期 | S22: 在读 | T22: - | U22: 5230809 | W22: 李润 | X22: 01智慧林 | Y22: 10:20-12:30 | Z22: 潜能班 | AA22: 二期 | AB22: 在读 | AC22: - | AD22: - | AF22: - | AG22: - | AH22: - | AI22: - | AJ22: - | AK22: - | AL22: -
A23: 同创汇 | B23: 2414638176 | C23: 彦华 | D23: 林志豪01 | E23: 纯拉新 | H23: 在读 | I23: 二期 | J23: 3132872 | K23: 校内成绩 | L23: 64 | M23: 85 | N23: 何咏04 | O23: 01智慧林 | P23: 13:20-15:30 | Q23: 潜能班 | R23: 二期 | S23: 在读 | T23: - | U23: - | W23: - | X23: - | Y23: - | Z23: - | AA23: - | AB23: - | AC23: - | AD23: - | AF23: - | AG23: - | AH23: - | AI23: - | AJ23: - | AK23: - | AL23: -
A24: 同创汇 | B24: 4462940335 | C24: 龙柳橙 | D24: 龙倩敏 | E24: 新生转介绍 | G24: 叶晓静 | H24: 在读 | I24: 二期 | J24: 3132872 | K24: 报前测成绩 | L24: 75 | M24: - | N24: 何咏04 | O24: 01智慧林 | P24: 13:20-15:30 | Q24: 潜能班 | R24: 二期 | S24: 在读 | T24: - | U24: 5230809 | W24: 李润 | X24: 01智慧林 | Y24: 10:20-12:30 | Z24: 潜能班 | AA24: 二期 | AB24: 在读 | AC24: - | AD24: 3132893 | AF24: 刘希子 | AG24: 01智慧林 | AH24: 15:50-18:00 | AI24: 潜能班 | AJ24: 二期 | AK24: 在读 | AL24: -
A25: 同创汇 | B25: 2413160133 | C25: 朵朵 | D25: 戎凯01 | E25: 新生转介绍 | G25: 涂馨允 | H25: 在读 | I25: 一期 | J25: 5230802 | K25: 校内成绩 | L25: 72 | M25: 90 | N25: 田雨涵01 | O25: 02彩虹桥 | P25: 15:50-18:00 | Q25: 潜能班 | R25: 一期 | S25: 在读 | T25: - | U25: 4632448 | W25: 陈南05 | X25: 02彩虹桥 | Y25: 10:20-12:30 | Z25: 潜能班 | AA25: 一期 | AB25: 在读 | AC25: - | AD25: 3132837 | AF25: 高心怡04 | AG25: 02彩虹桥 | AH25: 13:20-15:30 | AI25: 潜能班 | AJ25: 一期 | AK25: 在读 | AL25: -
A26: 同创汇 | B26: 2701666734 | C26: 涂馨允 | D26: 戎凯01 | E26: 新生转介绍 | G26: 陈秉谦 | H26: 在读 | I26: 一期 | J26: 5230802 | K26: 校内成绩 | L26: 86 | M26: 96 | N26: 田雨涵01 | O26: 02彩虹桥 | P26: 15:50-18:00 | Q26: 潜能班 | R26: 一期 | S26: 在读 | T26: - | U26: 4632448 | W26: 陈南05 | X26: 02彩虹桥 | Y26: 10:20-12:30 | Z26: 潜能班 | AA26: 一期 | AB26: 在读 | AC26: - | AD26: 3132837 | AF26: 高心怡04 | AG26: 02彩虹桥 | AH26: 13:20-15:30 | AI26: 潜能班 | AJ26: 一期 | AK26: 在读 | AL26: -
A27: 同创汇 | B27: 4198557381 | C27: 张俊健 | D27: 林志豪01 | E27: 新生转介绍 | G27: 李浩林 | H27: 在读 | I27: 二期 | J27: 3132872 | K27: 校内成绩 | L27: 72 | M27: 90 | N27: 何咏04 | O27: 01智慧林 | P27: 13:20-15:30 | Q27: 潜能班 | R27: 二期 | S27: 在读 | T27: - | U27: 5230809 | W27: 李润 | X27: 01智慧林 | Y27: 10:20-12:30 | Z27: 潜能班 | AA27: 二期 | AB27: 在读 | AC27: - | AD27: 3132893 | AF27: 刘希子 | AG27: 01智慧林 | AH27: 15:50-18:00 | AI27: 潜能班 | AJ27: 二期 | AK27: 在读 | AL27: -
A28: 同创汇 | B28: 2554261157 | C28: 杨沛梵 | D28: 戎凯01 | E28: 纯拉新 | H28: 在读 | I28: 一期 | J28: 5230802 | K28: 校内成绩 | L28: 72 | M28: 90 | N28: 田雨涵01 | O28: 02彩虹桥 | P28: 15:50-18:00 | Q28: 潜能班 | R28: 一期 | S28: 在读 | T28: - | U28: 4632448 | W28: 陈南05 | X28: 02彩虹桥 | Y28: 10:20-12:30 | Z28: 潜能班 | AA28: 一期 | AB28: 在读 | AC28: - | AD28: 3132837 | AF28: 高心怡04 | AG28: 02彩虹桥 | AH28: 13:20-15:30 | AI28: 潜能班 | AJ28: 一期 | AK28: 在读 | AL28: -
A29: 新宝利 | B29: 4860505150 | C29: 王梓赫 | D29: 陈亮延 | E29: 新生转介绍 | G29: 钟博睿 | H29: 在读 | I29: 一期 | J29: 5230742 | K29: 校内成绩 | L29: 72 | M29: 90 | N29: 何咏04 | O29: 教室2 | P29: 13:20-15:30 | Q29: 潜能班 | R29: 一期 | S29: 在读 | T29: - | U29: 5230773 | W29: 陈南05 | X29: 教室2 | Y29: 15:50-18:00 | Z29: 潜能班 | AA29: 一期 | AB29: 在读 | AC29: - | AD29: 3132888 | AF29: 肖锐03 | AG29: 教室2 | AH29: 10:20-12:30 | AI29: 潜能班 | AJ29: 一期 | AK29: 在读 | AL29: -
A30: 新宝利 | B30: 2406026641 | C30: 郭梓爱 | D30: 张敏烨 | E30: 新生转介绍 | G30: 千惠 | H30: 在读 | I30: 一期 | J30: 5230732 | K30: 校内成绩 | L30: 86 | M30: 96 | N30: 何咏04 | O30: 教室3 | P30: 10:30-12:40 | Q30: 启能班 | R30: 一期 | S30: 在读 | T30: - | U30: 5230773 | W30: 陈南05 | X30: 教室2 | Y30: 15:50-18:00 | Z30: 潜能班 | AA30: 一期 | AB30: 在读 | AC30: - | AD30: 3132899 | AF30: 肖锐03 | AG30: 教室3 | AH30: 07:50-10:00 | AI30: 潜能班 | AJ30: 一期 | AK30: 在读 | AL30: -
A31: 同创汇 | B31: 2579947640 | C31: 梁静彤 | D31: 张敏烨 | E31: 新生转介绍 | G31: 林梓博 | H31: 在读 | I31: 一期/二期 | J31: 3132872 | K31: 校内成绩 | L31: 60 | M31: 80 | N31: 何咏04 | O31: 01智慧林 | P31: 13:20-15:30 | Q31: 潜能班 | R31: 二期 | S31: 在读 | T31: - | U31: 4632448 | W31: 陈南05 | X31: 02彩虹桥 | Y31: 10:20-12:30 | Z31: 潜能班 | AA31: 一期 | AB31: 在读 | AC31: - | AD31: 3132893 | AF31: 刘希子 | AG31: 01智慧林 | AH31: 15:50-18:00 | AI31: 潜能班 | AJ31: 二期 | AK31: 在读 | AL31: -
A32: 同创汇 | B32: 4067487942 | C32: 廖宇轩 | D32: 戎凯01 | E32: 老生转介绍 | G32: 张权 | H32: 在读 | I32: 零期 | J32: 3132897 | K32: 校内成绩 | L32: 85 | M32: 95 | N32: 陈中帅 | O32: 01智慧林 | P32: 10:20-12:30 | Q32: 潜能班 | R32: 零期 | S32: 在读 | T32: - | U32: 5230722 | W32: 李润 | X32: 01智慧林 | Y32: 15:50-18:00 | Z32: 潜能班 | AA32: 零期 | AB32: 在读 | AC32: - | AD32: 5230737 | AF32: 高心怡04 | AG32: 01智慧林 | AH32: 13:20-15:30 | AI32: 潜能班 | AJ32: 零期 | AK32: 在读 | AL32: - | AM32: 是 | AN32: 否 | AO32: 否
A33: 新宝利 | B33: 2321411555 | C33: 林梓博 | D33: 张敏烨 | E33: 新生转介绍 | G33: 穆邵瀚 | H33: 在读 | I33: 三期 | J33: 4632447 | K33: 校内成绩 | L33: 60 | M33: 80 | N33: 田雨涵01 | O33: 教室5 | P33: 10:20-12:30 | Q33: 潜能班 | R33: 三期 | S33: 在读 | T33: - | U33: 5111226 | W33: 李润 | X33: 教室5 | Y33: 15:50-18:00 | Z33: 潜能班 | AA33: 三期 | AB33: 在读 | AC33: - | AD33: 4513388 | AF33: 肖锐03 | AG33: 教室5 | AH33: 13:20-15:30 | AI33: 潜能班 | AJ33: 三期 | AK33: 在读 | AL33: -
A34: 天成大厦 | B34: 4858579623 | C34: 善美 | D34: 陈亮延 | E34: 新生转介绍 | G34: 梁诗晨 | H34: 在读 | I34: 三期 | J34: 5230801 | K34: 校内成绩 | L34: 60 | M34: 80 | N34: 宗志鹏 | O34: 03品尚 | P34: 13:20-15:30 | Q34: 潜能班 | R34: 三期 | S34: 在读 | T34: - | U34: 5230739 | W34: 李润 | X34: 03品尚 | Y34: 10:20-12:30 | Z34: 潜能班 | AA34: 三期 | AB34: 在读 | AC34: - | AD34: 5230788 | AF34: 刘希子 | AG34: 03品尚 | AH34: 15:50-18:00 | AI34: 潜能班 | AJ34: 三期 | AK34: 在读 | AL34: -
A35: 新宝利 | B35: 2520505537 | C35: 严佩瑶 | D35: 王丽 | E35: 新生转介绍 | G35: 郑熙芸 | H35: 在读 | I35: 三期 | J35: 4632447 | K35: 校内成绩 | L35: 62 | M35: 83 | N35: 田雨涵01 | O35: 教室5 | P35: 10:20-12:30 | Q35: 潜能班 | R35: 三期 | S35: 在读 | T35: - | U35: 5111226 | W35: 李润 | X35: 教室5 | Y35: 15:50-18:00 | Z35: 潜能班 | AA35: 三期 | AB35: 在读 | AC35: - | AD35: 4513388 | AF35: 肖锐03 | AG35: 教室5 | AH35: 13:20-15:30 | AI35: 潜能班 | AJ35: 三期 | AK35: 在读 | AL35: -
A36: 同创汇 | B36: 2446527834 | C36: 黄蔚羚 | D36: 戎凯01 | E36: 纯拉新 | H36: 在读 | I36: 一期 | J36: 5230802 | K36: 校内成绩 | L36: 85 | M36: 95 | N36: 田雨涵01 | O36: 02彩虹桥 | P36: 15:50-18:00 | Q36: 潜能班 | R36: 一期 | S36: 在读 | T36: - | U36: 4632448 | W36: 陈南05 | X36: 02彩虹桥 | Y36: 10:20-12:30 | Z36: 潜能班 | AA36: 一期 | AB36: 在读 | AC36: - | AD36: 3132837 | AF36: 高心怡04 | AG36: 02彩虹桥 | AH36: 13:20-15:30 | AI36: 潜能班 | AJ36: 一期 | AK36: 在读 | AL36: -
A37: 同创汇 | B37: 4834944316 | C37: 杨晨谦 | D37: 苏丽婷 | E37: 纯拉新 | H37: 在读 | I37: 一期 | J37: 5230802 | K37: 校内成绩 | L37: 72 | M37: 90 | N37: 田雨涵01 | O37: 02彩虹桥 | P37: 15:50-18:00 | Q37: 潜能班 | R37: 一期 | S37: 在读 | T37: - | U37: 4632448 | W37: 陈南05 | X37: 02彩虹桥 | Y37: 10:20-12:30 | Z37: 潜能班 | AA37: 一期 | AB37: 在读 | AC37: - | AD37: 3132837 | AF37: 高心怡04 | AG37: 02彩虹桥 | AH37: 13:20-15:30 | AI37: 潜能班 | AJ37: 一期 | AK37: 在读 | AL37: -
A38: 新宝利 | B38: 4857845454 | C38: 李梓滔 | D38: 林志豪01 | E38: 纯拉新 | H38: 在读 | I38: 三期 | J38: 5111035 | K38: 报前测成绩 | L38: 95 | M38: - | N38: 何咏04 | O38: 教室2 | P38: 15:50-18:00 | Q38: 启能班 | R38: 三期 | S38: 在读 | T38: - | U38: 5230747 | W38: 陈南05 | X38: 教室3 | Y38: 10:20-12:30 | Z38: 潜能班 | AA38: 三期 | AB38: 在读 | AC38: - | AD38: 4513388 | AF38: 肖锐03 | AG38: 教室5 | AH38: 13:20-15:30 | AI38: 潜能班 | AJ38: 三期 | AK38: 在读 | AL38: -
A39: 新宝利 | B39: 4834953191 | C39: 陈昊璟 | D39: 张敏烨 | E39: 新生转介绍 | G39: 崔梓莹 | H39: 在读 | I39: 三期 | J39: 4632447 | K39: 校内成绩 | L39: 64 | M39: 85 | N39: 田雨涵01 | O39: 教室5 | P39: 10:20-12:30 | Q39: 潜能班 | R39: 三期 | S39: 在读 | T39: - | U39: 5111226 | W39: 李润 | X39: 教室5 | Y39: 15:50-18:00 | Z39: 潜能班 | AA39: 三期 | AB39: 在读 | AC39: - | AD39: 4513388 | AF39: 肖锐03 | AG39: 教室5 | AH39: 13:20-15:30 | AI39: 潜能班 | AJ39: 三期 | AK39: 在读 | AL39: -
A40: 同创汇 | B40: 2170843710 | C40: 黄乐怡 | D40: 王丽 | E40: 纯拉新 | H40: 在读 | I40: 二期 | J40: 3132872 | K40: 校内成绩 | L40: 74 | M40: 92 | N40: 何咏04 | O40: 01智慧林 | P40: 13:20-15:30 | Q40: 潜能班 | R40: 二期 | S40: 在读 | T40: - | U40: 5230809 | W40: 李润 | X40: 01智慧林 | Y40: 10:20-12:30 | Z40: 潜能班 | AA40: 二期 | AB40: 在读 | AC40: - | AD40: 3132893 | AF40: 刘希子 | AG40: 01智慧林 | AH40: 15:50-18:00 | AI40: 潜能班 | AJ40: 二期 | AK40: 在读 | AL40: -
A41: 新宝利 | B41: 4354560071 | C41: 郭一言 | D41: 林志豪01 | E41: 纯拉新 | H41: 在读 | I41: 三期 | J41: 4632447 | K41: 报前测成绩 | L41: 80 | M41: - | N41: 田雨涵01 | O41: 教室5 | P41: 10:20-12:30 | Q41: 潜能班 | R41: 三期 | S41: 在读 | T41: - | U41: 5111226 | W41: 李润 | X41: 教室5 | Y41: 15:50-18:00 | Z41: 潜能班 | AA41: 三期 | AB41: 在读 | AC41: - | AD41: 4513388 | AF41: 肖锐03 | AG41: 教室5 | AH41: 13:20-15:30 | AI41: 潜能班 | AJ41: 三期 | AK41: 在读 | AL41: -
A42: 新宝利 | B42: 4844345754 | C42: 潘俊羽 | D42: 林志豪01 | E42: 纯拉新 | H42: 在读 | I42: 三期 | J42: 4632447 | K42: 报前测成绩 | L42: 80 | M42: - | N42: 田雨涵01 | O42: 教室5 | P42: 10:20-12:30 | Q42: 潜能班 | R42: 三期 | S42: 在读 | T42: - | U42: 5111226 | W42: 李润 | X42: 教室5 | Y42: 15:50-18:00 | Z42: 潜能班 | AA42: 三期 | AB42: 在读 | AC42: - | AD42: 4513388 | AF42: 肖锐03 | AG42: 教室5 | AH42: 13:20-15:30 | AI42: 潜能班 | AJ42: 三期 | AK42: 在读 | AL42: -
A43: 新宝利 | B43: 2528283945 | C43: 薛家茹 | D43: 杨林33 | E43: 新生转介绍 | G43: 林紫琪 | H43: 在读 | I43: 三期 | J43: 4632447 | K43: 报前测成绩 | L43: 70 | M43: - | N43: 田雨涵01 | O43: 教室5 | P43: 10:20-12:30 | Q43: 潜能班 | R43: 三期 | S43: 在读 | T43: - | U43: 5111226 | W43: 李润 | X43: 教室5 | Y43: 15:50-18:00 | Z43: 潜能班 | AA43: 三期 | AB43: 在读 | AC43: - | AD43: 4513388 | AF43: 肖锐03 | AG43: 教室5 | AH43: 13:20-15:30 | AI43: 潜能班 | AJ43: 三期 | AK43: 在读 | AL43: -
A44: 新宝利 | B44: 2570858260 | C44: 黄思源 | D44: 杨林33 | E44: 纯拉新 | H44: 在读 | I44: 三期 | J44: 4632447 | K44: 校内成绩 | L44: 60 | M44: 80 | N44: 田雨涵01 | O44: 教室5 | P44: 10:20-12:30 | Q44: 潜能班 | R44: 三期 | S44: 在读 | T44: - | U44: 5111226 | W44: 李润 | X44: 教室5 | Y44: 15:50-18:00 | Z44: 潜能班 | AA44: 三期 | AB44: 在读 | AC44: - | AD44: 4513388 | AF44: 肖锐03 | AG44: 教室5 | AH44: 13:20-15:30 | AI44: 潜能班 | AJ44: 三期 | AK44: 在读 | AL44: -
A45: 新宝利 | B45: 4067417745 | C45: 洋洋 | D45: 杨林33 | E45: 新生转介绍 | G45: 戴圆圆 | H45: 在读 | I45: 二期 | J45: 5111034 | K45: 校内成绩 | L45: 60 | M45: 80 | N45: 田雨涵01 | O45: 教室4 | P45: 13:20-15:30 | Q45: 潜能班 | R45: 二期 | S45: 在读 | T45: - | U45: 4513342 | W45: 黄铭怡 | X45: 教室4 | Y45: 10:20-12:30 | Z45: 潜能班 | AA45: 二期 | AB45: 在读 | AC45: - | AD45: 4513340 | AF45: 高心怡04 | AG45: 教室4 | AH45: 15:50-18:00 | AI45: 潜能班 | AJ45: 二期 | AK45: 在读 | AL45: -
A46: 新宝利 | B46: 4380980083 | C46: 彭心仪 | D46: 张敏烨 | E46: 新生转介绍 | G46: 关雅致 | H46: 在读 | I46: 一期/二期 | J46: 5230732 | K46: 校内成绩 | L46: 88 | M46: 98 | N46: 何咏04 | O46: 教室3 | P46: 10:30-12:40 | Q46: 启能班 | R46: 一期 | S46: 在读 | T46: - | U46: 3132846 | W46: 黄铭怡 | X46: 教室3 | Y46: 13:20-15:30 | Z46: 潜能班 | AA46: 二期 | AB46: 在读 | AC46: - | AD46: 3132899 | AF46: 肖锐03 | AG46: 教室3 | AH46: 07:50-10:00 | AI46: 潜能班 | AJ46: 一期 | AK46: 在读 | AL46: -
A47: 新宝利 | B47: 2106962231 | C47: 郑熙芸 | D47: 王丽 | E47: 纯拉新 | H47: 在读 | I47: 三期 | J47: 4632447 | K47: 报前测成绩 | L47: 95 | M47: - | N47: 田雨涵01 | O47: 教室5 | P47: 10:20-12:30 | Q47: 潜能班 | R47: 三期 | S47: 在读 | T47: - | U47: 5111226 | W47: 李润 | X47: 教室5 | Y47: 15:50-18:00 | Z47: 潜能班 | AA47: 三期 | AB47: 在读 | AC47: - | AD47: 4513388 | AF47: 肖锐03 | AG47: 教室5 | AH47: 13:20-15:30 | AI47: 潜能班 | AJ47: 三期 | AK47: 在读 | AL47: -
A48: 新宝利 | B48: 2608985563 | C48: 朱美如 | D48: 林志豪01 | E48: 纯拉新 | H48: 在读 | I48: 二期 | J48: 5111034 | K48: 校内成绩 | L48: 72 | M48: 90 | N48: 田雨涵01 | O48: 教室4 | P48: 13:20-15:30 | Q48: 潜能班 | R48: 二期 | S48: 在读 | T48: - | U48: - | W48: - | X48: - | Y48: - | Z48: - | AA48: - | AB48: - | AC48: - | AD48: 4513340 | AF48: 高心怡04 | AG48: 教室4 | AH48: 15:50-18:00 | AI48: 潜能班 | AJ48: 二期 | AK48: 在读 | AL48: -
A49: 新宝利 | B49: 4055863669 | C49: 聂志浩 | D49: 张敏烨 | E49: 纯拉新 | H49: 在读 | I49: 三期 | J49: 4632447 | K49: 校内成绩 | L49: 64 | M49: 85 | N49: 田雨涵01 | O49: 教室5 | P49: 10:20-12:30 | Q49: 潜能班 | R49: 三期 | S49: 在读 | T49: - | U49: 5111226 | W49: 李润 | X49: 教室5 | Y49: 15:50-18:00 | Z49: 潜能班 | AA49: 三期 | AB49: 在读 | AC49: - | AD49: 4513388 | AF49: 肖锐03 | AG49: 教室5 | AH49: 13:20-15:30 | AI49: 潜能班 | AJ49: 三期 | AK49: 在读 | AL49: -
A50: 同创汇 | B50: 2566532002 | C50: 兰美熙 | D50: 张敏烨 | E50: 新生转介绍 | G50: 顾玉瑶 | H50: 在读 | I50: 零期 | J50: 5230806 | K50: 校内成绩 | L50: 64 | M50: 85 | N50: 田雨涵01 | O50: 03识海阁 | P50: 10:20-12:30 | Q50: 潜能班 | R50: 零期 | S50: 在读 | T50: - | U50: 5170872 | W50: 陈南05 | X50: 03识海阁 | Y50: 13:20-15:30 | Z50: 潜能班 | AA50: 零期 | AB50: 在读 | AC50: - | AD50: 3132865 | AF50: 刘希子 | AG50: 03识海阁 | AH50: 15:50-18:00 | AI50: 潜能班 | AJ50: 零期 | AK50: 在读 | AL50: - | AM50: 是 | AN50: 否 | AO50: 否
A51: 新宝利 | B51: 4856085159 | C51: 林正越 | D51: 张敏烨 | E51: 新生转介绍 | G51: 谢皓霖 | H51: 在读 | I51: 三期 | J51: 4632447 | K51: 校内成绩 | L51: 60 | M51: 80 | N51: 田雨涵01 | O51: 教室5 | P51: 10:20-12:30 | Q51: 潜能班 | R51: 三期 | S51: 在读 | T51: - | U51: 5111226 | W51: 李润 | X51: 教室5 | Y51: 15:50-18:00 | Z51: 潜能班 | AA51: 三期 | AB51: 在读 | AC51: - | AD51: 4513388 | AF51: 肖锐03 | AG51: 教室5 | AH51: 13:20-15:30 | AI51: 潜能班 | AJ51: 三期 | AK51: 在读 | AL51: -
A52: 新宝利 | B52: 2716091722 | C52: 唐羽芯 | D52: 林志豪01 | E52: 新生转介绍 | G52: 刘子填 | H52: 在读 | I52: 零期 | J52: 3132884 | K52: 校内成绩 | L52: 60 | M52: 80 | N52: 田雨涵01 | O52: 教室3 | P52: 13:20-15:30 | Q52: 潜能班 | R52: 零期 | S52: 在读 | T52: - | U52: 4513265 | W52: 李润 | X52: 教室3 | Y52: 10:20-12:30 | Z52: 潜能班 | AA52: 零期 | AB52: 在读 | AC52: - | AD52: 5230723 | AF52: 肖锐03 | AG52: 教室3 | AH52: 15:50-18:00 | AI52: 潜能班 | AJ52: 零期 | AK52: 在读 | AL52: 是 | AM52: 是 | AN52: 是 | AO52: 否
A53: 新宝利 | B53: 4638864572 | C53: 马邦耀 | D53: 沈思浩 | E53: 新生转介绍 | G53: 巴子轩 | H53: 在读 | I53: 零期 | J53: 3132884 | K53: 校内成绩 | L53: 72 | M53: 90 | N53: 田雨涵01 | O53: 教室3 | P53: 13:20-15:30 | Q53: 潜能班 | R53: 零期 | S53: 在读 | T53: - | U53: 3132859 | W53: 黄铭怡 | X53: 教室2 | Y53: 10:20-12:30 | Z53: 潜能班 | AA53: 零期 | AB53: 在读 | AC53: - | AD53: 5230723 | AF53: 肖锐03 | AG53: 教室3 | AH53: 15:50-18:00 | AI53: 潜能班 | AJ53: 零期 | AK53: 在读 | AL53: - | AM53: 是 | AN53: 是 | AO53: 是 | AP53: 否 | AR53: B | AS53: 家长在群里很活跃，但是私聊的时候微信不回复电话不接
A54: 新宝利 | B54: 4854640403 | C54: 李浩林 | D54: 林志豪01 | E54: 纯拉新 | H54: 在读 | I54: 零期 | J54: - | N54: - | O54: - | P54: - | Q54: - | R54: - | S54: - | T54: - | U54: 3132859 | W54: 黄铭怡 | X54: 教室2 | Y54: 10:20-12:30 | Z54: 潜能班 | AA54: 零期 | AB54: 在读 | AC54: - | AD54: 5230727 | AF54: 肖锐03 | AG54: 教室2 | AH54: 13:20-15:30 | AI54: 潜能班 | AJ54: 零期 | AK54: 在读 | AL54: - | AM54: 是 | AN54: 是 | AO54: 是
A55: 新宝利 | B55: 4226652053 | C55: 张皓铭 | D55: 林志豪01 | E55: 新生转介绍 | G55: 李浩林 | H55: 在读 | I55: 三期 | J55: 4632447 | K55: 报前测成绩 | L55: 71 | M55: - | N55: 田雨涵01 | O55: 教室5 | P55: 10:20-12:30 | Q55: 潜能班 | R55: 三期 | S55: 在读 | T55: - | U55: 5111226 | W55: 李润 | X55: 教室5 | Y55: 15:50-18:00 | Z55: 潜能班 | AA55: 三期 | AB55: 在读 | AC55: - | AD55: 4513388 | AF55: 肖锐03 | AG55: 教室5 | AH55: 13:20-15:30 | AI55: 潜能班 | AJ55: 三期 | AK55: 在读 | AL55: -
A56: 同创汇 | B56: 2519148407 | C56: 董婧萱 | D56: 苏丽婷 | E56: 纯拉新 | H56: 在读 | I56: 一期 | J56: 5230802 | K56: 校内成绩 | L56: 72 | M56: 90 | N56: 田雨涵01 | O56: 02彩虹桥 | P56: 15:50-18:00 | Q56: 潜能班 | R56: 一期 | S56: 在读 | T56: - | U56: 4632448 | W56: 陈南05 | X56: 02彩虹桥 | Y56: 10:20-12:30 | Z56: 潜能班 | AA56: 一期 | AB56: 在读 | AC56: - | AD56: 3132837 | AF56: 高心怡04 | AG56: 02彩虹桥 | AH56: 13:20-15:30 | AI56: 潜能班 | AJ56: 一期 | AK56: 在读 | AL56: -
A57: 天成大厦 | B57: 4859583036 | C57: 严健天 | D57: 沈思浩 | E57: 纯拉新 | H57: 在读 | I57: 一期 | J57: 5230775 | K57: 校内成绩 | L57: 72 | M57: 90 | N57: 陈中帅 | O57: 03品尚 | P57: 10:20-12:30 | Q57: 潜能班 | R57: 一期 | S57: 在读 | T57: - | U57: 3132834 | W57: 李润 | X57: 03品尚 | Y57: 07:50-10:00 | Z57: 潜能班 | AA57: 一期 | AB57: 在读 | AC57: - | AD57: 5230783 | AF57: 刘希子 | AG57: 03品尚 | AH57: 13:20-15:30 | AI57: 潜能班 | AJ57: 一期 | AK57: 在读 | AL57: -
A58: 同创汇 | B58: 4848923450 | C58: 徐安琪 | D58: 龙倩敏 | E58: 新生转介绍 | G58: 叶晓静 | H58: 在读 | I58: 零期 | J58: 3132897 | K58: 报前测成绩 | L58: 75 | M58: - | N58: 陈中帅 | O58: 01智慧林 | P58: 10:20-12:30 | Q58: 潜能班 | R58: 零期 | S58: 在读 | T58: - | U58: 5230722 | W58: 李润 | X58: 01智慧林 | Y58: 15:50-18:00 | Z58: 潜能班 | AA58: 零期 | AB58: 在读 | AC58: - | AD58: 5230737 | AF58: 高心怡04 | AG58: 01智慧林 | AH58: 13:20-15:30 | AI58: 潜能班 | AJ58: 零期 | AK58: 在读 | AL58: - | AM58: 是 | AN58: 是 | AO58: 是
A59: 新宝利 | B59: 4606760815 | C59: 温培烨 | D59: 张敏烨 | E59: 新生转介绍 | G59: 家谊 | H59: 在读 | I59: 二期 | J59: 4513341 | K59: 校内成绩 | L59: 86 | M59: 95 | N59: 陈中帅 | O59: 教室3 | P59: 15:50-18:00 | Q59: 启能班 | R59: 二期 | S59: 在读 | T59: - | U59: 3132846 | W59: 黄铭怡 | X59: 教室3 | Y59: 13:20-15:30 | Z59: 潜能班 | AA59: 二期 | AB59: 在读 | AC59: - | AD59: 5230738 | AF59: 高心怡04 | AG59: 教室3 | AH59: 10:20-12:30 | AI59: 潜能班 | AJ59: 二期 | AK59: 在读 | AL59: -
A60: 新宝利 | B60: 2748036591 | C60: 梁雅茹 | D60: 林志豪01 | E60: 纯拉新 | H60: 在读 | I60: 二期 | J60: 4513341 | K60: 校内成绩 | L60: 90 | M60: 100 | N60: 陈中帅 | O60: 教室3 | P60: 15:50-18:00 | Q60: 启能班 | R60: 二期 | S60: 在读 | T60: - | U60: 3132846 | W60: 黄铭怡 | X60: 教室3 | Y60: 13:20-15:30 | Z60: 潜能班 | AA60: 二期 | AB60: 在读 | AC60: - | AD60: 5230738 | AF60: 高心怡04 | AG60: 教室3 | AH60: 10:20-12:30 | AI60: 潜能班 | AJ60: 二期 | AK60: 在读 | AL60: -
A61: 新宝利 | B61: 4836060237 | C61: 何雨羲 | D61: 张敏烨 | E61: 纯拉新 | H61: 在读 | I61: 二期 | J61: 5111034 | K61: 校内成绩 | L61: 72 | M61: 90 | N61: 田雨涵01 | O61: 教室4 | P61: 13:20-15:30 | Q61: 潜能班 | R61: 二期 | S61: 在读 | T61: - | U61: 4513342 | W61: 黄铭怡 | X61: 教室4 | Y61: 10:20-12:30 | Z61: 潜能班 | AA61: 二期 | AB61: 在读 | AC61: - | AD61: 4513340 | AF61: 高心怡04 | AG61: 教室4 | AH61: 15:50-18:00 | AI61: 潜能班 | AJ61: 二期 | AK61: 在读 | AL61: -
A62: 新宝利 | B62: 4849738179 | C62: 肖尧 | D62: 张敏烨 | E62: 新生转介绍 | G62: 文犀 | H62: 在读 | I62: 二期 | J62: 4513341 | K62: 报前测成绩 | L62: 95 | M62: - | N62: 陈中帅 | O62: 教室3 | P62: 15:50-18:00 | Q62: 启能班 | R62: 二期 | S62: 在读 | T62: - | U62: - | W62: - | X62: - | Y62: - | Z62: - | AA62: - | AB62: - | AC62: - | AD62: - | AF62: - | AG62: - | AH62: - | AI62: - | AJ62: - | AK62: - | AL62: -
A63: 新宝利 | B63: 4156594850 | C63: 朱晋熙 | D63: 林志豪01 | E63: 纯拉新 | H63: 在读 | I63: 一期 | J63: 5230742 | K63: 校内成绩 | L63: 60 | M63: 80 | N63: 何咏04 | O63: 教室2 | P63: 13:20-15:30 | Q63: 潜能班 | R63: 一期 | S63: 在读 | T63: - | U63: 5230773 | W63: 陈南05 | X63: 教室2 | Y63: 15:50-18:00 | Z63: 潜能班 | AA63: 一期 | AB63: 在读 | AC63: - | AD63: 3132888 | AF63: 肖锐03 | AG63: 教室2 | AH63: 10:20-12:30 | AI63: 潜能班 | AJ63: 一期 | AK63: 在读 | AL63: -
A64: 新宝利 | B64: 4459633645 | C64: 李宸熙 | D64: 王丽 | E64: 新生转介绍 | G64: 汪泽烨 | H64: 在读 | I64: 零期 | J64: 3132884 | K64: 校内成绩 | L64: 72 | M64: 90 | N64: 田雨涵01 | O64: 教室3 | P64: 13:20-15:30 | Q64: 潜能班 | R64: 零期 | S64: 在读 | T64: - | U64: 3132859 | W64: 黄铭怡 | X64: 教室2 | Y64: 10:20-12:30 | Z64: 潜能班 | AA64: 零期 | AB64: 在读 | AC64: - | AD64: 5230723 | AF64: 肖锐03 | AG64: 教室3 | AH64: 15:50-18:00 | AI64: 潜能班 | AJ64: 零期 | AK64: 在读 | AL64: - | AM64: 是 | AN64: 是 | AO64: 是
A65: 新宝利 | B65: 2558522118 | C65: 黄春瀚 | D65: 杨林33 | E65: 纯拉新 | H65: 在读 | I65: 二期 | J65: 5111034 | K65: 校内成绩 | L65: 60 | M65: 80 | N65: 田雨涵01 | O65: 教室4 | P65: 13:20-15:30 | Q65: 潜能班 | R65: 二期 | S65: 在读 | T65: - | U65: 4513342 | W65: 黄铭怡 | X65: 教室4 | Y65: 10:20-12:30 | Z65: 潜能班 | AA65: 二期 | AB65: 在读 | AC65: - | AD65: 4513340 | AF65: 高心怡04 | AG65: 教室4 | AH65: 15:50-18:00 | AI65: 潜能班 | AJ65: 二期 | AK65: 在读 | AL65: -
A66: 同创汇 | B66: 2524361673 | C66: 刘玺君 | D66: 熊天宝01 | E66: 纯拉新 | H66: 在读 | I66: 一期 | J66: 5230719 | K66: 校内成绩 | L66: 89 | M66: 99 | N66: 陈中帅 | O66: 01智慧林 | P66: 13:20-15:30 | Q66: 启能班 | R66: 一期 | S66: 在读 | T66: - | U66: 5230828 | W66: 黄铭怡 | X66: 01智慧林 | Y66: 10:20-12:30 | Z66: 潜能班 | AA66: 一期 | AB66: 在读 | AC66: - | AD66: 3132869 | AF66: 高心怡04 | AG66: 01智慧林 | AH66: 15:50-18:00 | AI66: 潜能班 | AJ66: 一期 | AK66: 在读 | AL66: -
A67: 同创汇 | B67: 2578457931 | C67: 海洋 | D67: 戎凯01 | E67: 新生转介绍 | G67: 刘亦馨 | H67: 在读 | I67: 一期 | J67: 5230719 | K67: 校内成绩 | L67: 72 | M67: 90 | N67: 陈中帅 | O67: 01智慧林 | P67: 13:20-15:30 | Q67: 启能班 | R67: 一期 | S67: 在读 | T67: - | U67: 5230828 | W67: 黄铭怡 | X67: 01智慧林 | Y67: 10:20-12:30 | Z67: 潜能班 | AA67: 一期 | AB67: 在读 | AC67: - | AD67: 3132869 | AF67: 高心怡04 | AG67: 01智慧林 | AH67: 15:50-18:00 | AI67: 潜能班 | AJ67: 一期 | AK67: 在读 | AL67: -
A68: 同创汇 | B68: 2937587526 | C68: 陈骏骁 | D68: 熊天宝01 | E68: 纯拉新 | H68: 在读 | I68: 一期 | J68: 5230719 | K68: 校内成绩 | L68: 72 | M68: 90 | N68: 陈中帅 | O68: 01智慧林 | P68: 13:20-15:30 | Q68: 启能班 | R68: 一期 | S68: 在读 | T68: - | U68: 5230828 | W68: 黄铭怡 | X68: 01智慧林 | Y68: 10:20-12:30 | Z68: 潜能班 | AA68: 一期 | AB68: 在读 | AC68: - | AD68: 3132869 | AF68: 高心怡04 | AG68: 01智慧林 | AH68: 15:50-18:00 | AI68: 潜能班 | AJ68: 一期 | AK68: 在读 | AL68: -
A69: 同创汇 | B69: 4111183270 | C69: 蒋沁原 | D69: 龙倩敏 | E69: 纯拉新 | H69: 在读 | I69: 零期 | J69: 5230814 | K69: 校内成绩 | L69: 74 | M69: 92 | N69: 陈中帅 | O69: 02彩虹桥 | P69: 07:50-10:00 | Q69: 启能班 | R69: 零期 | S69: 在读 | T69: - | U69: 5230722 | W69: 李润 | X69: 01智慧林 | Y69: 15:50-18:00 | Z69: 潜能班 | AA69: 零期 | AB69: 在读 | AC69: - | AD69: 5230765 | AF69: 刘希子 | AG69: 02彩虹桥 | AH69: 10:20-12:30 | AI69: 潜能班 | AJ69: 零期 | AK69: 在读 | AL69: - | AM69: 是 | AN69: 是 | AO69: 是 | AR69: B
A70: 新宝利 | B70: 4840889658 | C70: 范熙宗 | D70: 杨林33 | E70: 纯拉新 | H70: 在读 | I70: 零期 | J70: 3132884 | K70: 校内成绩 | L70: 64 | M70: 85 | N70: 田雨涵01 | O70: 教室3 | P70: 13:20-15:30 | Q70: 潜能班 | R70: 零期 | S70: 在读 | T70: - | U70: 4513265 | W70: 李润 | X70: 教室3 | Y70: 10:20-12:30 | Z70: 潜能班 | AA70: 零期 | AB70: 在读 | AC70: - | AD70: 5230723 | AF70: 肖锐03 | AG70: 教室3 | AH70: 15:50-18:00 | AI70: 潜能班 | AJ70: 零期 | AK70: 在读 | AL70: - | AM70: 是 | AN70: 是 | AO70: 是
A71: 同创汇 | B71: 4399390086 | C71: 丘平川 | D71: 王丽 | E71: 纯拉新 | H71: 在读 | I71: 一期/二期 | J71: 5230802 | K71: 校内成绩 | L71: 72 | M71: 90 | N71: 田雨涵01 | O71: 02彩虹桥 | P71: 15:50-18:00 | Q71: 潜能班 | R71: 一期 | S71: 在读 | T71: - | U71: 5230809 | W71: 李润 | X71: 01智慧林 | Y71: 10:20-12:30 | Z71: 潜能班 | AA71: 二期 | AB71: 在读 | AC71: - | AD71: 3132837 | AF71: 高心怡04 | AG71: 02彩虹桥 | AH71: 13:20-15:30 | AI71: 潜能班 | AJ71: 一期 | AK71: 在读 | AL71: -
A72: 同创汇 | B72: 2577448328 | C72: 尹思韬 | D72: 林志豪01 | E72: 纯拉新 | H72: 在读 | I72: 零期 | J72: 3132897 | K72: 校内成绩 | L72: 88 | M72: 98 | N72: 陈中帅 | O72: 01智慧林 | P72: 10:20-12:30 | Q72: 潜能班 | R72: 零期 | S72: 在读 | T72: - | U72: 5230722 | W72: 李润 | X72: 01智慧林 | Y72: 15:50-18:00 | Z72: 潜能班 | AA72: 零期 | AB72: 在读 | AC72: - | AD72: 5230737 | AF72: 高心怡04 | AG72: 01智慧林 | AH72: 13:20-15:30 | AI72: 潜能班 | AJ72: 零期 | AK72: 在读 | AL72: - | AM72: 是 | AN72: 是 | AO72: 是
A73: 同创汇 | B73: 4521435533 | C73: 曾泓皓 | D73: 王丽 | E73: 纯拉新 | H73: 在读 | I73: 零期 | J73: 5230806 | K73: 校内成绩 | L73: 53 | M73: 70 | N73: 田雨涵01 | O73: 03识海阁 | P73: 10:20-12:30 | Q73: 潜能班 | R73: 零期 | S73: 在读 | T73: 是 | U73: 5170872 | W73: 陈南05 | X73: 03识海阁 | Y73: 13:20-15:30 | Z73: 潜能班 | AA73: 零期 | AB73: 在读 | AC73: 是 | AD73: 3132865 | AF73: 刘希子 | AG73: 03识海阁 | AH73: 15:50-18:00 | AI73: 潜能班 | AJ73: 零期 | AK73: 在读 | AL73: - | AM73: 是 | AN73: 否 | AO73: 否
A74: 同创汇 | B74: 4042838194 | C74: 吴俊康 | D74: 戎凯01 | E74: 纯拉新 | H74: 在读 | I74: 零期 | J74: 5230806 | K74: 校内成绩 | L74: 74 | M74: 92 | N74: 田雨涵01 | O74: 03识海阁 | P74: 10:20-12:30 | Q74: 潜能班 | R74: 零期 | S74: 在读 | T74: 是 | U74: 5170872 | W74: 陈南05 | X74: 03识海阁 | Y74: 13:20-15:30 | Z74: 潜能班 | AA74: 零期 | AB74: 在读 | AC74: 是 | AD74: 3132865 | AF74: 刘希子 | AG74: 03识海阁 | AH74: 15:50-18:00 | AI74: 潜能班 | AJ74: 零期 | AK74: 在读 | AL74: 是 | AM74: 是 | AN74: 是 | AO74: 是
A75: 同创汇 | B75: 4841600400 | C75: 刘映彤 | D75: 王丽 | E75: 新生转介绍 | G75: 汪泽烨 | H75: 在读 | I75: 零期 | J75: 5230806 | K75: 校内成绩 | L75: 72 | M75: 90 | N75: 田雨涵01 | O75: 03识海阁 | P75: 10:20-12:30 | Q75: 潜能班 | R75: 零期 | S75: 在读 | T75: - | U75: 5170872 | W75: 陈南05 | X75: 03识海阁 | Y75: 13:20-15:30 | Z75: 潜能班 | AA75: 零期 | AB75: 在读 | AC75: - | AD75: 3132865 | AF75: 刘希子 | AG75: 03识海阁 | AH75: 15:50-18:00 | AI75: 潜能班 | AJ75: 零期 | AK75: 在读 | AL75: - | AM75: 是 | AN75: 否 | AO75: 否
A76: 同创汇 | B76: 4827599311 | C76: 汪泽烨 | D76: 王丽 | E76: 纯拉新 | H76: 在读 | I76: 零期 | J76: 5230806 | K76: 报前测成绩 | L76: 62 | M76: - | N76: 田雨涵01 | O76: 03识海阁 | P76: 10:20-12:30 | Q76: 潜能班 | R76: 零期 | S76: 在读 | T76: - | U76: 5170872 | W76: 陈南05 | X76: 03识海阁 | Y76: 13:20-15:30 | Z76: 潜能班 | AA76: 零期 | AB76: 在读 | AC76: - | AD76: 3132865 | AF76: 刘希子 | AG76: 03识海阁 | AH76: 15:50-18:00 | AI76: 潜能班 | AJ76: 零期 | AK76: 在读 | AL76: - | AM76: 是 | AN76: 是 | AO76: 是
A77: 新宝利 | B77: 4840966099 | C77: 郑睿雯 | D77: 龙倩敏 | E77: 纯拉新 | H77: 在读 | I77: 三期 | J77: 5111035 | K77: 报前测成绩 | L77: 85 | M77: - | N77: 何咏04 | O77: 教室2 | P77: 15:50-18:00 | Q77: 启能班 | R77: 三期 | S77: 在读 | T77: - | U77: 5170873 | W77: 李润 | X77: 教室2 | Y77: 13:20-15:30 | Z77: 潜能班 | AA77: 三期 | AB77: 在读 | AC77: - | AD77: 5170871 | AF77: 肖锐03 | AG77: 教室2 | AH77: 10:20-12:30 | AI77: 潜能班 | AJ77: 三期 | AK77: 在读 | AL77: -
A78: 新宝利 | B78: 4851294501 | C78: 刘诗语 | D78: 杨林33 | E78: 新生转介绍 | G78: 戴圆圆 | H78: 在读 | I78: 三期 | J78: 3132902 | K78: 校内成绩 | L78: 60 | M78: 80 | N78: 陈中帅 | O78: 教室3 | P78: 13:20-15:30 | Q78: 潜能班 | R78: 三期 | S78: 在读 | T78: - | U78: 5230747 | W78: 陈南05 | X78: 教室3 | Y78: 10:20-12:30 | Z78: 潜能班 | AA78: 三期 | AB78: 在读 | AC78: - | AD78: 5230821 | AF78: 肖锐03 | AG78: 教室3 | AH78: 15:50-18:00 | AI78: 潜能班 | AJ78: 三期 | AK78: 在读 | AL78: -
A79: 新宝利 | B79: 2529017869 | C79: 陈铱帆 | D79: 王丽 | E79: 新生转介绍 | G79: 苏紫盈 | H79: 在读 | I79: 三期 | J79: 4632447 | K79: 校内成绩 | L79: 60 | M79: 80 | N79: 田雨涵01 | O79: 教室5 | P79: 10:20-12:30 | Q79: 潜能班 | R79: 三期 | S79: 在读 | T79: - | U79: 5111226 | W79: 李润 | X79: 教室5 | Y79: 15:50-18:00 | Z79: 潜能班 | AA79: 三期 | AB79: 在读 | AC79: - | AD79: 4513388 | AF79: 肖锐03 | AG79: 教室5 | AH79: 13:20-15:30 | AI79: 潜能班 | AJ79: 三期 | AK79: 在读 | AL79: -
A80: 新宝利 | B80: 4850421381 | C80: 杨舒窈 | D80: 王丽 | E80: 新生转介绍 | G80: 苏紫盈 | H80: 在读 | I80: 三期 | J80: 4632447 | K80: 校内成绩 | L80: 85 | M80: 95 | N80: 田雨涵01 | O80: 教室5 | P80: 10:20-12:30 | Q80: 潜能班 | R80: 三期 | S80: 在读 | T80: - | U80: 5111226 | W80: 李润 | X80: 教室5 | Y80: 15:50-18:00 | Z80: 潜能班 | AA80: 三期 | AB80: 在读 | AC80: - | AD80: 4513388 | AF80: 肖锐03 | AG80: 教室5 | AH80: 13:20-15:30 | AI80: 潜能班 | AJ80: 三期 | AK80: 在读 | AL80: -
A81: 新宝利 | B81: 4702343288 | C81: 苏紫盈 | D81: 王丽 | E81: 新生转介绍 | H81: 在读 | I81: 三期 | J81: 4632447 | K81: 校内成绩 | L81: 72 | M81: 90 | N81: 田雨涵01 | O81: 教室5 | P81: 10:20-12:30 | Q81: 潜能班 | R81: 三期 | S81: 在读 | T81: - | U81: 5111226 | W81: 李润 | X81: 教室5 | Y81: 15:50-18:00 | Z81: 潜能班 | AA81: 三期 | AB81: 在读 | AC81: - | AD81: 4513388 | AF81: 肖锐03 | AG81: 教室5 | AH81: 13:20-15:30 | AI81: 潜能班 | AJ81: 三期 | AK81: 在读 | AL81: -
A82: 同创汇 | B82: 2496864413 | C82: 吴丹妮 | D82: 苏丽婷 | E82: 新生转介绍 | G82: 戴鸿杰 | H82: 在读 | I82: 零期 | J82: 5230806 | K82: 校内成绩 | L82: 72 | M82: 90 | N82: 田雨涵01 | O82: 03识海阁 | P82: 10:20-12:30 | Q82: 潜能班 | R82: 零期 | S82: 在读 | T82: - | U82: 5230722 | W82: 李润 | X82: 01智慧林 | Y82: 15:50-18:00 | Z82: 潜能班 | AA82: 零期 | AB82: 在读 | AC82: - | AD82: 5230737 | AF82: 高心怡04 | AG82: 01智慧林 | AH82: 13:20-15:30 | AI82: 潜能班 | AJ82: 零期 | AK82: 在读 | AL82: - | AM82: 是 | AN82: 是 | AO82: 否
A83: 新宝利 | B83: 2640270268 | C83: 梁诺桓 | D83: 林志豪01 | E83: 纯拉新 | H83: 在读 | I83: 三期 | J83: 4632447 | K83: 校内成绩 | L83: 72 | M83: 90 | N83: 田雨涵01 | O83: 教室5 | P83: 10:20-12:30 | Q83: 潜能班 | R83: 三期 | S83: 在读 | T83: - | U83: 5111226 | W83: 李润 | X83: 教室5 | Y83: 15:50-18:00 | Z83: 潜能班 | AA83: 三期 | AB83: 在读 | AC83: - | AD83: 4513388 | AF83: 肖锐03 | AG83: 教室5 | AH83: 13:20-15:30 | AI83: 潜能班 | AJ83: 三期 | AK83: 在读 | AL83: -
A84: 新宝利 | B84: 2137353430 | C84: 梁锐洲 | D84: 苏丽婷 | E84: 纯拉新 | H84: 在读 | I84: 二期 | J84: 5111034 | K84: 校内成绩 | L84: 72 | M84: 90 | N84: 田雨涵01 | O84: 教室4 | P84: 13:20-15:30 | Q84: 潜能班 | R84: 二期 | S84: 在读 | T84: - | U84: 4513342 | W84: 黄铭怡 | X84: 教室4 | Y84: 10:20-12:30 | Z84: 潜能班 | AA84: 二期 | AB84: 在读 | AC84: - | AD84: 4513340 | AF84: 高心怡04 | AG84: 教室4 | AH84: 15:50-18:00 | AI84: 潜能班 | AJ84: 二期 | AK84: 在读 | AL84: -
A85: 新宝利 | B85: 4852867146 | C85: 叶梦扶 | D85: 张敏烨 | E85: 新生转介绍 | G85: 陈滢西 | H85: 在读 | I85: 二期 | J85: 5111034 | K85: 校内成绩 | L85: 75 | M85: 94 | N85: 田雨涵01 | O85: 教室4 | P85: 13:20-15:30 | Q85: 潜能班 | R85: 二期 | S85: 在读 | T85: - | U85: 4513342 | W85: 黄铭怡 | X85: 教室4 | Y85: 10:20-12:30 | Z85: 潜能班 | AA85: 二期 | AB85: 在读 | AC85: - | AD85: 4513340 | AF85: 高心怡04 | AG85: 教室4 | AH85: 15:50-18:00 | AI85: 潜能班 | AJ85: 二期 | AK85: 在读 | AL85: -
A86: 新宝利 | B86: 2326406204 | C86: 赵子赫 | D86: 张敏烨 | E86: 新生转介绍 | G86: 陈滢西 | H86: 在读 | I86: 二期 | J86: 5111034 | K86: 校内成绩 | L86: 72 | M86: 90 | N86: 田雨涵01 | O86: 教室4 | P86: 13:20-15:30 | Q86: 潜能班 | R86: 二期 | S86: 在读 | T86: - | U86: 4513342 | W86: 黄铭怡 | X86: 教室4 | Y86: 10:20-12:30 | Z86: 潜能班 | AA86: 二期 | AB86: 在读 | AC86: - | AD86: 4513340 | AF86: 高心怡04 | AG86: 教室4 | AH86: 15:50-18:00 | AI86: 潜能班 | AJ86: 二期 | AK86: 在读 | AL86: -
A87: 新宝利 | B87: 4850707583 | C87: 钟文可 | D87: 林志豪01 | E87: 新生转介绍 | G87: 侯家聪 | H87: 在读 | I87: 一期 | J87: 5230742 | K87: 校内成绩 | L87: 60 | M87: 80 | N87: 何咏04 | O87: 教室2 | P87: 13:20-15:30 | Q87: 潜能班 | R87: 一期 | S87: 在读 | T87: - | U87: 5230773 | W87: 陈南05 | X87: 教室2 | Y87: 15:50-18:00 | Z87: 潜能班 | AA87: 一期 | AB87: 在读 | AC87: - | AD87: 3132888 | AF87: 肖锐03 | AG87: 教室2 | AH87: 10:20-12:30 | AI87: 潜能班 | AJ87: 一期 | AK87: 在读 | AL87: -
A88: 新宝利 | B88: 2408720156 | C88: 陈加杰 | D88: 杨林33 | E88: 纯拉新 | H88: 在读 | I88: 二期 | J88: 5111034 | K88: 校内成绩 | L88: 72 | M88: 90 | N88: 田雨涵01 | O88: 教室4 | P88: 13:20-15:30 | Q88: 潜能班 | R88: 二期 | S88: 在读 | T88: - | U88: 4513342 | W88: 黄铭怡 | X88: 教室4 | Y88: 10:20-12:30 | Z88: 潜能班 | AA88: 二期 | AB88: 在读 | AC88: - | AD88: 4513340 | AF88: 高心怡04 | AG88: 教室4 | AH88: 15:50-18:00 | AI88: 潜能班 | AJ88: 二期 | AK88: 在读 | AL88: -
A89: 新宝利 | B89: 2572765383 | C89: 曹梓耀 | D89: 林志豪01 | E89: 纯拉新 | H89: 在读 | I89: 零期 | J89: - | N89: - | O89: - | P89: - | Q89: - | R89: - | S89: - | T89: - | U89: - | W89: - | X89: - | Y89: - | Z89: - | AA89: - | AB89: - | AC89: - | AD89: 5230727 | AF89: 肖锐03 | AG89: 教室2 | AH89: 13:20-15:30 | AI89: 潜能班 | AJ89: 零期 | AK89: 在读 | AL89: - | AM89: 是 | AN89: 是 | AO89: 否 | AR89: B | AS89: 只问了暑假的课程和教学内容，其他没过多沟通
A90: 同创汇 | B90: 2581075620 | C90: 王勃昊 | D90: 王丽 | E90: 纯拉新 | H90: 在读 | I90: 零期 | J90: 5230806 | K90: 校内成绩 | L90: 72 | M90: 90 | N90: 田雨涵01 | O90: 03识海阁 | P90: 10:20-12:30 | Q90: 潜能班 | R90: 零期 | S90: 在读 | T90: - | U90: - | W90: - | X90: - | Y90: - | Z90: - | AA90: - | AB90: - | AC90: - | AD90: - | AF90: - | AG90: - | AH90: - | AI90: - | AJ90: - | AK90: - | AL90: - | AM90: 是 | AN90: 否 | AO90: 否 | AR90: B | AS90: 先体验下暑假课，没聊秋季课的事情
A91: 新宝利 | B91: 4065596636 | C91: 刘雯涵 | D91: 沈思浩 | E91: 纯拉新 | H91: 在读 | I91: 三期 | J91: 4632447 | K91: 校内成绩 | L91: 72 | M91: 90 | N91: 田雨涵01 | O91: 教室5 | P91: 10:20-12:30 | Q91: 潜能班 | R91: 三期 | S91: 在读 | T91: - | U91: 5111226 | W91: 李润 | X91: 教室5 | Y91: 15:50-18:00 | Z91: 潜能班 | AA91: 三期 | AB91: 在读 | AC91: - | AD91: 4513388 | AF91: 肖锐03 | AG91: 教室5 | AH91: 13:20-15:30 | AI91: 潜能班 | AJ91: 三期 | AK91: 在读 | AL91: -
A92: 同创汇 | B92: 4018505986 | C92: 戴鸿杰 | D92: 苏丽婷 | E92: 纯拉新 | H92: 在读 | I92: 零期 | J92: 5230806 | K92: 校内成绩 | L92: 72 | M92: 90 | N92: 田雨涵01 | O92: 03识海阁 | P92: 10:20-12:30 | Q92: 潜能班 | R92: 零期 | S92: 在读 | T92: - | U92: 5170872 | W92: 陈南05 | X92: 03识海阁 | Y92: 13:20-15:30 | Z92: 潜能班 | AA92: 零期 | AB92: 在读 | AC92: - | AD92: 3132865 | AF92: 刘希子 | AG92: 03识海阁 | AH92: 15:50-18:00 | AI92: 潜能班 | AJ92: 零期 | AK92: 在读 | AL92: - | AM92: 是 | AN92: 是 | AO92: 否 | AR92: S | AS92: 孩子爸爸有主动问秋季的课程费用，教学内容，重视师资，身边也推荐了其他家长了解课程
A93: 新宝利 | B93: 2136468815 | C93: 金思宇 | D93: 王达04 | E93: 新生转介绍 | G93: 钟博睿 | H93: 在读 | I93: 零期/三期 | J93: 4632447 | K93: 报前测成绩 | L93: 77 | M93: - | N93: 田雨涵01 | O93: 教室5 | P93: 10:20-12:30 | Q93: 潜能班 | R93: 三期 | S93: 在读 | T93: - | U93: 5170873 | W93: 李润 | X93: 教室2 | Y93: 13:20-15:30 | Z93: 潜能班 | AA93: 三期 | AB93: 在读 | AC93: - | AD93: 5230723 | AF93: 肖锐03 | AG93: 教室3 | AH93: 15:50-18:00 | AI93: 潜能班 | AJ93: 零期 | AK93: 在读 | AL93: - | AM93: 是 | AN93: 是 | AO93: 是
A94: 同创汇 | B94: 2558217051 | C94: 梁一鸣 | D94: 戎凯01 | E94: 纯拉新 | H94: 在读 | I94: 一期 | J94: 5230802 | K94: 校内成绩 | L94: 72 | M94: 90 | N94: 田雨涵01 | O94: 02彩虹桥 | P94: 15:50-18:00 | Q94: 潜能班 | R94: 一期 | S94: 在读 | T94: - | U94: 4632448 | W94: 陈南05 | X94: 02彩虹桥 | Y94: 10:20-12:30 | Z94: 潜能班 | AA94: 一期 | AB94: 在读 | AC94: - | AD94: 3132837 | AF94: 高心怡04 | AG94: 02彩虹桥 | AH94: 13:20-15:30 | AI94: 潜能班 | AJ94: 一期 | AK94: 在读 | AL94: - | AR94: A | AS94: 孩子成绩中等，妈妈比较谨慎
A95: 新宝利 | B95: 4199817048 | C95: 邓翔升 | D95: 张敏烨 | E95: 新生转介绍 | G95: 家谊 | H95: 在读 | I95: 二期 | J95: 5111034 | K95: 报前测成绩 | L95: 66 | M95: - | N95: 田雨涵01 | O95: 教室4 | P95: 13:20-15:30 | Q95: 潜能班 | R95: 二期 | S95: 在读 | T95: - | U95: 4513342 | V95: 21 | W95: 黄铭怡 | X95: 教室4 | Y95: 10:20-12:30 | Z95: 潜能班 | AA95: 二期 | AB95: 在读 | AC95: - | AD95: 4513340 | AE95: - | AF95: 高心怡04 | AG95: 教室4 | AH95: 15:50-18:00 | AI95: 潜能班 | AJ95: 二期 | AK95: 在读 | AL95: - | AR95: A | AS95: 面聊沟通过秋季价格，暑假看看孩子喜不喜欢再决定是否续秋
A96: 新宝利 | B96: 2563540579 | C96: 黄诗榆 | D96: 林志豪01 | E96: 纯拉新 | H96: 在读 | I96: 一期 | J96: 5230742 | K96: 校内成绩 | L96: 63 | M96: 83 | N96: 何咏04 | O96: 教室2 | P96: 13:20-15:30 | Q96: 潜能班 | R96: 一期 | S96: 在读 | T96: - | U96: 5230773 | W96: 陈南05 | X96: 教室2 | Y96: 15:50-18:00 | Z96: 潜能班 | AA96: 一期 | AB96: 在读 | AC96: - | AD96: 3132888 | AF96: 肖锐03 | AG96: 教室2 | AH96: 10:20-12:30 | AI96: 潜能班 | AJ96: 一期 | AK96: 在读 | AL96: - | AR96: S | AS96: 孩子爸爸问了我们好多次正价课问题，但是爸爸很想一对一或者一对三补课，看沟通需要，妈咪和爸爸的教育意识不错
A97: 新宝利 | B97: 4847554796 | C97: 李珉锐 | D97: 张敏烨 | E97: 新生转介绍 | G97: 陈建廷 | H97: 在读 | I97: 一期 | J97: - | N97: - | O97: - | P97: - | Q97: - | R97: - | S97: - | T97: - | U97: 5170706 | W97: 李润 | X97: 教室3 | Y97: 13:20-15:30 | Z97: 潜能班 | AA97: 一期 | AB97: 在读 | AC97: - | AD97: - | AF97: - | AG97: - | AH97: - | AI97: - | AJ97: - | AK97: - | AL97: -
A98: 新宝利 | B98: 4850880382 | C98: 逸贤 | D98: 杨林33 | E98: 新生转介绍 | G98: 润轩 | H98: 在读 | I98: 三期 | J98: 4632447 | K98: 校内成绩 | L98: 64 | M98: 85 | N98: 田雨涵01 | O98: 教室5 | P98: 10:20-12:30 | Q98: 潜能班 | R98: 三期 | S98: 在读 | T98: - | U98: 5111226 | W98: 李润 | X98: 教室5 | Y98: 15:50-18:00 | Z98: 潜能班 | AA98: 三期 | AB98: 在读 | AC98: - | AD98: 4513388 | AF98: 肖锐03 | AG98: 教室5 | AH98: 13:20-15:30 | AI98: 潜能班 | AJ98: 三期 | AK98: 在读 | AL98: -
A99: 同创汇 | B99: 4315733010 | C99: 胡玲瑜 | D99: 王丽 | E99: 纯拉新 | H99: 在读 | I99: 一期 | J99: 5230802 | K99: 报前测成绩 | L99: 70 | M99: - | N99: 田雨涵01 | O99: 02彩虹桥 | P99: 15:50-18:00 | Q99: 潜能班 | R99: 一期 | S99: 在读 | T99: - | U99: 4632448 | W99: 陈南05 | X99: 02彩虹桥 | Y99: 10:20-12:30 | Z99: 潜能班 | AA99: 一期 | AB99: 在读 | AC99: - | AD99: 3132837 | AF99: 高心怡04 | AG99: 02彩虹桥 | AH99: 13:20-15:30 | AI99: 潜能班 | AJ99: 一期 | AK99: 在读 | AL99: - | AR99: B | AS99: 先体验下暑假课，没聊秋季课的事情
A100: 天成大厦 | B100: 2745227044 | C100: 吴承谦 | D100: 沈思浩 | E100: 纯拉新 | H100: 在读 | I100: 二期 | J100: 3132864 | K100: 校内成绩 | L100: 72 | M100: 90 | N100: 宗志鹏 | O100: 03品尚 | P100: 13:20-15:30 | Q100: 潜能班 | R100: 二期 | S100: 在读 | T100: - | U100: 3132810 | W100: 李润 | X100: 03品尚 | Y100: 15:50-18:00 | Z100: 潜能班 | AA100: 二期 | AB100: 在读 | AC100: - | AD100: - | AF100: - | AG100: - | AH100: - | AI100: - | AJ100: - | AK100: - | AL100: -
...

Sheet 零期·UV电访分配
A1: 教学点 | B1: 学生uid | C1: 学生姓名 | D1: 归属顾问 | E1: 雪球思维 | J1: 悦读创作 | N1: 双语素养 | R1: 课前家长会-老师（T-2） | U1: 首课电联老师 | AA1: 课中家长会-老师&顾问（T4～T7） | AE1: 学员情况-顾问 | AH1: 课前电访-顾问（T-2） | AJ1: 首课电访（U3）-顾问 | AL1: 意向盘点（U3）-顾问&老师 | AQ1: 满意度调查（U4）-顾问 | AR1: 意向校准（U5）-顾问 | AS1: 在读 | AT1: 应续 | AU1: 数 | AV1: 语 | AW1: 英 | AX1: 已续 | AY1: 未续报卡点-顾问
E2: 主讲 | F2: 上课时段 | G2: 班型 | H2: 期次 | I2: 是否在读 | J2: 主讲 | K2: 上课时段 | L2: 期次 | M2: 是否在读 | N2: 主讲 | O2: 上课时段 | P2: 期次 | Q2: 是否在读 | R2: 邀约人 | S2: 课前诺访 | T2: 课前确访 | U2: U1 | W2: U2 | Y2: U3 | AA2: 邀约人（U4） | AB2: 课中诺访 | AC2: 现场跟进人 | AD2: 到场情况 | AE2: 顾问 | AF2: 介绍人 | AG2: 中签学校 | AH2: 是否VIP群 | AI2: 电访记录 | AJ2: 电访记录 | AK2: 核心诉求 | AL2: 学员意向 | AM2: 数学 | AN2: 语文 | AO2: 英语 | AP2: 判定依据 | AQ2: 是否参与 | AR2: 校准依据 | AS2: =SUM(AS3:AS130) | AT2: =SUM(AT3:AT130) | AU2: =COUNTIF(AU3:AU130,"是") | AV2: =COUNTIF(AV3:AV130,"是") | AW2: =COUNTIF(AW3:AW130,"是") | AX2: =SUM(AX3:AX130) | AY2: （U3～U4） | AZ2: （T6～T7） | BA2: （U8～U10）
A3: 同创汇 | B3: 4067487942 | C3: =VLOOKUP(B3,'UV台帐'!B:AL,2,0) | D3: =VLOOKUP(B3,'UV台帐'!B:AL,3,0) | E3: =VLOOKUP(B3,'UV台帐'!B:AL,13,0) | F3: =VLOOKUP(B3,'UV台帐'!B:AL,15,0) | G3: =VLOOKUP(B3,'UV台帐'!B:AL,16,0) | H3: =VLOOKUP(B3,'UV台帐'!B:AL,17,0) | I3: =VLOOKUP(B3,'UV台帐'!B:AL,18,0) | J3: =VLOOKUP(B3,'UV台帐'!B:AL,22,0) | K3: =VLOOKUP(B3,'UV台帐'!B:AL,24,0) | L3: =VLOOKUP(B3,'UV台帐'!B:AL,26,0) | M3: =VLOOKUP(B3,'UV台帐'!B:AL,27,0) | N3: =VLOOKUP(B3,'UV台帐'!B:AL,31,0) | O3: =VLOOKUP(B3,'UV台帐'!B:AL,33,0) | P3: =VLOOKUP(B3,'UV台帐'!B:AL,35,0) | Q3: =VLOOKUP(B3,'UV台帐'!B:AL,36,0) | S3: 否 | T3: 否 | W3: 李润,高心怡04 | AA3: 李润 | AB3: 是 | AC3: 陈中帅 | AD3: 是 | AE3: 戎凯01 | AF3: =VLOOKUP(B3,'UV台帐'!B:G,6,0) | AH3: 是 | AJ3: 未接2 | AK3: 未接2 | AL3: S | AO3: S | AS3: =COUNTIFS(H3,"零期",I3,"在读")+COUNTIFS(L3,"零期",M3,"在读")+COUNTIFS(P3,"零期",Q3,"在读") | AT3: =AS3-AX3 | AU3: =VLOOKUP(B3,'UV台帐'!B:AL,19,0) | AV3: =VLOOKUP(B3,'UV台帐'!B:AL,28,0) | AW3: =VLOOKUP(B3,'UV台帐'!B:AL,37,0) | AX3: =COUNTIFS(H3,"零期",AU3,"是")+COUNTIFS(L3,"零期",AV3,"是")+COUNTIFS(P3,"零期",AW3,"是") | AZ3: 没人聊上，妈妈是决策人，听完讲座就走了。
A4: 新宝利 | B4: 2136468815 | C4: =VLOOKUP(B4,'UV台帐'!B:AL,2,0) | D4: =VLOOKUP(B4,'UV台帐'!B:AL,3,0) | E4: =VLOOKUP(B4,'UV台帐'!B:AL,13,0) | F4: =VLOOKUP(B4,'UV台帐'!B:AL,15,0) | G4: =VLOOKUP(B4,'UV台帐'!B:AL,16,0) | H4: =VLOOKUP(B4,'UV台帐'!B:AL,17,0) | I4: =VLOOKUP(B4,'UV台帐'!B:AL,18,0) | J4: =VLOOKUP(B4,'UV台帐'!B:AL,22,0) | K4: =VLOOKUP(B4,'UV台帐'!B:AL,24,0) | L4: =VLOOKUP(B4,'UV台帐'!B:AL,26,0) | M4: =VLOOKUP(B4,'UV台帐'!B:AL,27,0) | N4: =VLOOKUP(B4,'UV台帐'!B:AL,31,0) | O4: =VLOOKUP(B4,'UV台帐'!B:AL,33,0) | P4: =VLOOKUP(B4,'UV台帐'!B:AL,35,0) | Q4: =VLOOKUP(B4,'UV台帐'!B:AL,36,0) | S4: 是 | T4: 是 | W4: 田雨涵01 | Y4: 李润 | AA4: 田雨涵01 | AB4: 是 | AC4: 龙倩敏 | AD4: 是 | AE4: 王达04 | AF4: =VLOOKUP(B4,'UV台帐'!B:G,6,0) | AG4: 二中 | AH4: 是 | AI4: 没问题，已建群， | AJ4: 妈妈表示不知道孩子在校区真正学的怎么样，昨天网上爸爸看了一下孩子的作业错的还是比较多的，孩子回家之后不愿意复习预习，妈妈希望老师可以给孩子下任务（例如单词要记下来多少个，第二天如果有错误的话＋作业等等），家长好像也不知道孩子的课前测和课后作业得分，妈妈表示孩子比较容易分神需要多做提醒，和让孩子做第一排，之前有上过突破教育，上过语文的一对一，没有效果， | AK4: 妈妈表示不知道孩子在校区真正学的怎么样，昨天网上爸爸看了一下孩子的作业错的还是比较多的，孩子回家之后不愿意复习预习，妈妈希望老师可以给孩子下任务（例如单词要记下来多少个，第二天如果有错误的话＋作业等等），家长好像也不知道孩子的课前测和课后作业得分，妈妈表示孩子比较容易分神需要多做提醒，和让孩子做第一排，之前有上过突破教育，上过语文的一对一，没有效果， | AL4: B | AM4: B | AN4: B | AO4: B | AP4: 肖锐老师判定B，孩子学习课次表现上有上升，家长回复量偏少，但是孩子课堂意愿比较好。 | AS4: =COUNTIFS(H4,"零期",I4,"在读")+COUNTIFS(L4,"零期",M4,"在读")+COUNTIFS(P4,"零期",Q4,"在读") | AT4: =AS4-AX4 | AU4: =VLOOKUP(B4,'UV台帐'!B:AL,19,0) | AV4: =VLOOKUP(B4,'UV台帐'!B:AL,28,0) | AW4: =VLOOKUP(B4,'UV台帐'!B:AL,37,0) | AX4: =COUNTIFS(H4,"零期",AU4,"是")+COUNTIFS(L4,"零期",AV4,"是")+COUNTIFS(P4,"零期",AW4,"是") | AZ4: 今晚答复，卡点机构对比，不自信，担心学不好，成绩中上。
A5: 同创汇 | B5: 2163375170 | C5: =VLOOKUP(B5,'UV台帐'!B:AL,2,0) | D5: =VLOOKUP(B5,'UV台帐'!B:AL,3,0) | E5: =VLOOKUP(B5,'UV台帐'!B:AL,13,0) | F5: =VLOOKUP(B5,'UV台帐'!B:AL,15,0) | G5: =VLOOKUP(B5,'UV台帐'!B:AL,16,0) | H5: =VLOOKUP(B5,'UV台帐'!B:AL,17,0) | I5: =VLOOKUP(B5,'UV台帐'!B:AL,18,0) | J5: =VLOOKUP(B5,'UV台帐'!B:AL,22,0) | K5: =VLOOKUP(B5,'UV台帐'!B:AL,24,0) | L5: =VLOOKUP(B5,'UV台帐'!B:AL,26,0) | M5: =VLOOKUP(B5,'UV台帐'!B:AL,27,0) | N5: =VLOOKUP(B5,'UV台帐'!B:AL,31,0) | O5: =VLOOKUP(B5,'UV台帐'!B:AL,33,0) | P5: =VLOOKUP(B5,'UV台帐'!B:AL,35,0) | Q5: =VLOOKUP(B5,'UV台帐'!B:AL,36,0) | S5: 是 | T5: 是 | U5: 田雨涵01,黄铭怡 | AA5: 田雨涵01 | AB5: 是 | AC5: 玉玲 | AD5: 是 | AE5: 王丽 | AF5: =VLOOKUP(B5,'UV台帐'!B:G,6,0) | AH5: 是 | AI5: 数学想要上大帅的班，对换师不满，数学从中帅换博闻现在换路涵老师 | AJ5: 孩子爸爸的电话，孩子妈妈管学习，第一天连续上三科孩子太疲惫了，英语调一期上课去了，孩子状态没那么好的话配合度就没那么高，说后面也会考虑秋季，每次续报都是哥哥给钱的 | AK5: 孩子爸爸的电话，孩子妈妈管学习，第一天连续上三科孩子太疲惫了，英语调一期上课去了，孩子状态没那么好的话配合度就没那么高，说后面也会考虑秋季，每次续报都是哥哥给钱的 | AL5: S | AM5: A | AP5: 数学：孩子学习态度有问题，有主动问秋季课的事情 | AQ5: 是 | AR5: 0期数学语文，1期英语；满意度调查，明确一定会报读；所以学员整体意向是S；在前台有明确咨询过课程，目前是时间异议比较大，希望AB上完数学和语文，但是目前没法协调时间。 | AS5: =COUNTIFS(H5,"零期",I5,"在读")+COUNTIFS(L5,"零期",M5,"在读")+COUNTIFS(P5,"零期",Q5,"在读") | AT5: =AS5-AX5 | AU5: =VLOOKUP(B5,'UV台帐'!B:AL,19,0) | AV5: 是 | AW5: =VLOOKUP(B5,'UV台帐'!B:AL,37,0) | AX5: 2 | AZ5: 已转化
A6: 新宝利 | B6: 2207027530 | C6: =VLOOKUP(B6,'UV台帐'!B:AL,2,0) | D6: =VLOOKUP(B6,'UV台帐'!B:AL,3,0) | E6: =VLOOKUP(B6,'UV台帐'!B:AL,13,0) | F6: =VLOOKUP(B6,'UV台帐'!B:AL,15,0) | G6: =VLOOKUP(B6,'UV台帐'!B:AL,16,0) | H6: =VLOOKUP(B6,'UV台帐'!B:AL,17,0) | I6: =VLOOKUP(B6,'UV台帐'!B:AL,18,0) | J6: =VLOOKUP(B6,'UV台帐'!B:AL,22,0) | K6: =VLOOKUP(B6,'UV台帐'!B:AL,24,0) | L6: =VLOOKUP(B6,'UV台帐'!B:AL,26,0) | M6: =VLOOKUP(B6,'UV台帐'!B:AL,27,0) | N6: =VLOOKUP(B6,'UV台帐'!B:AL,31,0) | O6: =VLOOKUP(B6,'UV台帐'!B:AL,33,0) | P6: =VLOOKUP(B6,'UV台帐'!B:AL,35,0) | Q6: =VLOOKUP(B6,'UV台帐'!B:AL,36,0) | S6: 是 | T6: 是 | W6: 田雨涵01,肖锐03 | AA6: 肖锐03 | AB6: 是 | AC6: 杨林 | AD6: 是 | AE6: 杨林33 | AF6: =VLOOKUP(B6,'UV台帐'!B:G,6,0) | AG6: 三中 | AH6: 是 | AI6: 7.3日时间冲突，有长期学习的想法 | AJ6: 课程感知不错，配合度高，有长期学习的想法，支付能力待定 | AK6: 课程感知不错，配合度高，有长期学习的想法，支付能力待定 | AL6: A | AM6: A | AN6: A | AO6: C | AP6: 课程感知不错，配合度高，有长期学习的想法，价格有部分异议 | AQ6: 是 | AR6: 满意度调查对三科满意度不错，但是也表示上课不久，体验感不明显；不清楚孩子目前的兴趣情况；建议老师引导孩子主动回家反馈假期学习状况，有助于家长对于机构的信任建立；意向有机会A升S。家长明确说了价格偏贵，哪怕填写还在犹豫，说明也有一定的续报考虑。 | AS6: =COUNTIFS(H6,"零期",I6,"在读")+COUNTIFS(L6,"零期",M6,"在读")+COUNTIFS(P6,"零期",Q6,"在读") | AT6: =AS6-AX6 | AU6: =VLOOKUP(B6,'UV台帐'!B:AL,19,0) | AV6: =VLOOKUP(B6,'UV台帐'!B:AL,28,0) | AW6: =VLOOKUP(B6,'UV台帐'!B:AL,37,0) | AX6: =COUNTIFS(H6,"零期",AU6,"是")+COUNTIFS(L6,"零期",AV6,"是")+COUNTIFS(P6,"零期",AW6,"是") | AZ6: 报一科，英语大概率不报
A7: 同创汇 | B7: 2225312488 | C7: =VLOOKUP(B7,'UV台帐'!B:AL,2,0) | D7: =VLOOKUP(B7,'UV台帐'!B:AL,3,0) | E7: =VLOOKUP(B7,'UV台帐'!B:AL,13,0) | F7: =VLOOKUP(B7,'UV台帐'!B:AL,15,0) | G7: =VLOOKUP(B7,'UV台帐'!B:AL,16,0) | H7: =VLOOKUP(B7,'UV台帐'!B:AL,17,0) | I7: =VLOOKUP(B7,'UV台帐'!B:AL,18,0) | J7: =VLOOKUP(B7,'UV台帐'!B:AL,22,0) | K7: =VLOOKUP(B7,'UV台帐'!B:AL,24,0) | L7: =VLOOKUP(B7,'UV台帐'!B:AL,26,0) | M7: =VLOOKUP(B7,'UV台帐'!B:AL,27,0) | N7: =VLOOKUP(B7,'UV台帐'!B:AL,31,0) | O7: =VLOOKUP(B7,'UV台帐'!B:AL,33,0) | P7: =VLOOKUP(B7,'UV台帐'!B:AL,35,0) | Q7: =VLOOKUP(B7,'UV台帐'!B:AL,36,0) | S7: 是 | T7: 是 | U7: 田雨涵01 | AA7: 陈南05 | AB7: 是 | AC7: 天宝 | AD7: 是 | AE7: 王丽 | AF7: =VLOOKUP(B7,'UV台帐'!B:G,6,0) | AG7: 民办，龙涛 | AH7: 是 | AI7: 正常上课 | AJ7: 妈妈说孩子之前都没有补习过，孩子白云过来，需要1.5小时，说只考虑寒暑假，秋季没打算，7.13开始学校那边也会组织预习，开始学新初一内容。家长觉得孩子懒 | AK7: 妈妈说孩子之前都没有补习过，孩子白云过来，需要1.5小时，说只考虑寒暑假，秋季没打算，7.13开始学校那边也会组织预习，开始学新初一内容。家长觉得孩子懒 | AL7: B | AM7: B | AN7: C | AO7: B | AP7: 住白云，孩子基础较弱 | AS7: =COUNTIFS(H7,"零期",I7,"在读")+COUNTIFS(L7,"零期",M7,"在读")+COUNTIFS(P7,"零期",Q7,"在读") | AT7: =AS7-AX7 | AU7: =VLOOKUP(B7,'UV台帐'!B:AL,19,0) | AV7: =VLOOKUP(B7,'UV台帐'!B:AL,28,0) | AW7: =VLOOKUP(B7,'UV台帐'!B:AL,37,0) | AX7: =COUNTIFS(H7,"零期",AU7,"是")+COUNTIFS(L7,"零期",AV7,"是")+COUNTIFS(P7,"零期",AW7,"是") | AZ7: 孩子初中的私立学校比较严格，周末不一定放假，周日中午吃完饭便要回校，其次是怕学校的作业太多，孩子无法完成，再安排补课的话孩子会产生逆反心理，因此需要看秋季开课学校的情况之后再考虑；
A8: 同创汇 | B8: 2234603980 | C8: =VLOOKUP(B8,'UV台帐'!B:AL,2,0) | D8: =VLOOKUP(B8,'UV台帐'!B:AL,3,0) | E8: =VLOOKUP(B8,'UV台帐'!B:AL,13,0) | F8: =VLOOKUP(B8,'UV台帐'!B:AL,15,0) | G8: =VLOOKUP(B8,'UV台帐'!B:AL,16,0) | H8: =VLOOKUP(B8,'UV台帐'!B:AL,17,0) | I8: =VLOOKUP(B8,'UV台帐'!B:AL,18,0) | J8: =VLOOKUP(B8,'UV台帐'!B:AL,22,0) | K8: =VLOOKUP(B8,'UV台帐'!B:AL,24,0) | L8: =VLOOKUP(B8,'UV台帐'!B:AL,26,0) | M8: =VLOOKUP(B8,'UV台帐'!B:AL,27,0) | N8: =VLOOKUP(B8,'UV台帐'!B:AL,31,0) | O8: =VLOOKUP(B8,'UV台帐'!B:AL,33,0) | P8: =VLOOKUP(B8,'UV台帐'!B:AL,35,0) | Q8: =VLOOKUP(B8,'UV台帐'!B:AL,36,0) | S8: 是 | T8: 否 | U8: 刘希子 | Y8: 田雨涵01 | AA8: 刘希子 | AB8: 是 | AC8: 刘晨 | AD8: 是 | AE8: 戎凯01 | AF8: =VLOOKUP(B8,'UV台帐'!B:G,6,0) | AG8: 广附 | AH8: 是 | AI8: 可正常来上课 | AJ8: 妈妈这边还是比较满意，没有过多的提需，还是要看孩子整体的学习情况和后续的安排在做决定，先发价格和时间给家长做参考，目前在考虑秋季班 需求：家长想了解秋季及未来学习规划和秋季的时间安排； 希子老师：孩子容易开小差； | AK8: 妈妈这边还是比较满意，没有过多的提需，还是要看孩子整体的学习情况和后续的安排在做决定，先发价格和时间给家长做参考，目前在考虑秋季班 需求：家长想了解秋季及未来学习规划和秋季的时间安排； 希子老师：孩子容易开小差； | AL8: S | AM8: S | AN8: S | AO8: B | AS8: =COUNTIFS(H8,"零期",I8,"在读")+COUNTIFS(L8,"零期",M8,"在读")+COUNTIFS(P8,"零期",Q8,"在读") | AT8: =AS8-AX8 | AU8: =VLOOKUP(B8,'UV台帐'!B:AL,19,0) | AV8: =VLOOKUP(B8,'UV台帐'!B:AL,28,0) | AW8: =VLOOKUP(B8,'UV台帐'!B:AL,37,0) | AX8: =COUNTIFS(H8,"零期",AU8,"是")+COUNTIFS(L8,"零期",AV8,"是")+COUNTIFS(P8,"零期",AW8,"是") | AZ8: 已报名
A9: 同创汇 | B9: 2270640709 | C9: =VLOOKUP(B9,'UV台帐'!B:AL,2,0) | D9: =VLOOKUP(B9,'UV台帐'!B:AL,3,0) | E9: =VLOOKUP(B9,'UV台帐'!B:AL,13,0) | F9: =VLOOKUP(B9,'UV台帐'!B:AL,15,0) | G9: =VLOOKUP(B9,'UV台帐'!B:AL,16,0) | H9: =VLOOKUP(B9,'UV台帐'!B:AL,17,0) | I9: =VLOOKUP(B9,'UV台帐'!B:AL,18,0) | J9: =VLOOKUP(B9,'UV台帐'!B:AL,22,0) | K9: =VLOOKUP(B9,'UV台帐'!B:AL,24,0) | L9: =VLOOKUP(B9,'UV台帐'!B:AL,26,0) | M9: =VLOOKUP(B9,'UV台帐'!B:AL,27,0) | N9: =VLOOKUP(B9,'UV台帐'!B:AL,31,0) | O9: =VLOOKUP(B9,'UV台帐'!B:AL,33,0) | P9: =VLOOKUP(B9,'UV台帐'!B:AL,35,0) | Q9: =VLOOKUP(B9,'UV台帐'!B:AL,36,0) | S9: 是 | T9: 是 | U9: 高心怡04 | AA9: 高心怡04 | AB9: 是 | AC9: 戎凯 | AD9: 是 | AE9: 戎凯01 | AF9: =VLOOKUP(B9,'UV台帐'!B:G,6,0) | AG9: 育才实验 | AH9: 是 | AI9: 可正常来上课 | AJ9: 希望孩子在笔记中比标记好重点，做作业方面准确度提升，作业完成不好的，可以适当留堂，考虑语文英语两科，需要问孩子意见，主要担心一天三节课，孩子不接受，又担心孩子初中压力大。 | AK9: 希望孩子在笔记中比标记好重点，做作业方面准确度提升，作业完成不好的，可以适当留堂，考虑语文英语两科，需要问孩子意见，主要担心一天三节课，孩子不接受，又担心孩子初中压力大。 | AL9: S | AO9: A | AS9: =COUNTIFS(H9,"零期",I9,"在读")+COUNTIFS(L9,"零期",M9,"在读")+COUNTIFS(P9,"零期",Q9,"在读") | AT9: =AS9-AX9 | AU9: =VLOOKUP(B9,'UV台帐'!B:AL,19,0) | AV9: =VLOOKUP(B9,'UV台帐'!B:AL,28,0) | AW9: =VLOOKUP(B9,'UV台帐'!B:AL,37,0) | AX9: =COUNTIFS(H9,"零期",AU9,"是")+COUNTIFS(L9,"零期",AV9,"是")+COUNTIFS(P9,"零期",AW9,"是") | AZ9: 已报名
A10: 新宝利 | B10: 2271507248 | C10: =VLOOKUP(B10,'UV台帐'!B:AL,2,0) | D10: =VLOOKUP(B10,'UV台帐'!B:AL,3,0) | E10: =VLOOKUP(B10,'UV台帐'!B:AL,13,0) | F10: =VLOOKUP(B10,'UV台帐'!B:AL,15,0) | G10: =VLOOKUP(B10,'UV台帐'!B:AL,16,0) | H10: =VLOOKUP(B10,'UV台帐'!B:AL,17,0) | I10: =VLOOKUP(B10,'UV台帐'!B:AL,18,0) | J10: =VLOOKUP(B10,'UV台帐'!B:AL,22,0) | K10: =VLOOKUP(B10,'UV台帐'!B:AL,24,0) | L10: =VLOOKUP(B10,'UV台帐'!B:AL,26,0) | M10: =VLOOKUP(B10,'UV台帐'!B:AL,27,0) | N10: =VLOOKUP(B10,'UV台帐'!B:AL,31,0) | O10: =VLOOKUP(B10,'UV台帐'!B:AL,33,0) | P10: =VLOOKUP(B10,'UV台帐'!B:AL,35,0) | Q10: =VLOOKUP(B10,'UV台帐'!B:AL,36,0) | S10: 是 | T10: 是 | AA10: 李润 | AB10: 是 | AC10: 沈源 | AD10: 是 | AE10: 王达04 | AF10: =VLOOKUP(B10,'UV台帐'!B:G,6,0) | AG10: 广园 | AH10: 是 | AI10: 没问题，已建群 | AJ10: 表示每天上课回来看30分钟视频哄着，孩子之前从一年级到五年级都有补习，之前在新东方上过一年半，后面孩子不愿意补习，坚持不下来，妈妈现在有买到一个线上的打卡课程（视频课+阶段测），孩子这两天回家都说不想来，说不想一整天都在校区，表示在家里也可以学，妈妈表示暂时没有意见，但表示可以多关注一下孩子，以及孩子的笔记情况因为发现孩子不认真和认真说做的笔记区别很大，不认真的很潦草家长表示不知道孩子的课前测成绩 | AK10: 表示每天上课回来看30分钟视频哄着，孩子之前从一年级到五年级都有补习，之前在新东方上过一年半，后面孩子不愿意补习，坚持不下来，妈妈现在有买到一个线上的打卡课程（视频课+阶段测），孩子这两天回家都说不想来，说不想一整天都在校区，表示在家里也可以学，妈妈表示暂时没有意见，但表示可以多关注一下孩子，以及孩子的笔记情况因为发现孩子不认真和认真说做的笔记区别很大，不认真的很潦草家长表示不知道孩子的课前测成绩 | AL10: B | AM10: B | AN10: B | AO10: B | AP10: 中帅老师：判定B，之前有上补习班，线上补习妈妈也有安排，有学习规划也有支付能力 就是学习兴趣方面需要提高。肖锐老师判定A,孩子课堂的表现是会比较积极 | AQ10: 是 | AR10: 满意度调查，对于三科老师均打4分的体感；并且对于暑期课程满意度整体表示一般。在建议/意见栏，明确提出——课程反馈有点草率，我想了解孩子学的题目熟悉到哪个程度，比如哪方面还欠佳的，在课堂上还没搞清楚的，要求家长在家做怎样的配合 | AS10: =COUNTIFS(H10,"零期",I10,"在读")+COUNTIFS(L10,"零期",M10,"在读")+COUNTIFS(P10,"零期",Q10,"在读") | AT10: =AS10-AX10 | AU10: =VLOOKUP(B10,'UV台帐'!B:AL,19,0) | AV10: =VLOOKUP(B10,'UV台帐'!B:AL,28,0) | AW10: =VLOOKUP(B10,'UV台帐'!B:AL,37,0) | AX10: =COUNTIFS(H10,"零期",AU10,"是")+COUNTIFS(L10,"零期",AV10,"是")+COUNTIFS(P10,"零期",AW10,"是") | AZ10: 报2科数学英语，语文暂时不报，需要语文老师关注 追单，搞定孩子
A11: 新宝利 | B11: 2305874638 | C11: =VLOOKUP(B11,'UV台帐'!B:AL,2,0) | D11: =VLOOKUP(B11,'UV台帐'!B:AL,3,0) | E11: =VLOOKUP(B11,'UV台帐'!B:AL,13,0) | F11: =VLOOKUP(B11,'UV台帐'!B:AL,15,0) | G11: =VLOOKUP(B11,'UV台帐'!B:AL,16,0) | H11: =VLOOKUP(B11,'UV台帐'!B:AL,17,0) | I11: =VLOOKUP(B11,'UV台帐'!B:AL,18,0) | J11: =VLOOKUP(B11,'UV台帐'!B:AL,22,0) | K11: =VLOOKUP(B11,'UV台帐'!B:AL,24,0) | L11: =VLOOKUP(B11,'UV台帐'!B:AL,26,0) | M11: =VLOOKUP(B11,'UV台帐'!B:AL,27,0) | N11: =VLOOKUP(B11,'UV台帐'!B:AL,31,0) | O11: =VLOOKUP(B11,'UV台帐'!B:AL,33,0) | P11: =VLOOKUP(B11,'UV台帐'!B:AL,35,0) | Q11: =VLOOKUP(B11,'UV台帐'!B:AL,36,0) | S11: 是 | T11: 否 | AA11: 肖锐03 | AB11: 是 | AC11: 已转化 | AD11: 是 | AE11: 张敏烨 | AF11: =VLOOKUP(B11,'UV台帐'!B:G,6,0) | AH11: 是 | AI11: 未接，已留言 | AJ11: 已转化 | AK11: 已转化 | AQ11: 是 | AS11: =COUNTIFS(H11,"零期",I11,"在读")+COUNTIFS(L11,"零期",M11,"在读")+COUNTIFS(P11,"零期",Q11,"在读") | AT11: =AS11-AX11 | AU11: =VLOOKUP(B11,'UV台帐'!B:AL,19,0) | AV11: =VLOOKUP(B11,'UV台帐'!B:AL,28,0) | AW11: =VLOOKUP(B11,'UV台帐'!B:AL,37,0) | AX11: =COUNTIFS(H11,"零期",AU11,"是")+COUNTIFS(L11,"零期",AV11,"是")+COUNTIFS(P11,"零期",AW11,"是")
A12: 新宝利 | B12: 2327899563 | C12: =VLOOKUP(B12,'UV台帐'!B:AL,2,0) | D12: =VLOOKUP(B12,'UV台帐'!B:AL,3,0) | E12: =VLOOKUP(B12,'UV台帐'!B:AL,13,0) | F12: =VLOOKUP(B12,'UV台帐'!B:AL,15,0) | G12: =VLOOKUP(B12,'UV台帐'!B:AL,16,0) | H12: =VLOOKUP(B12,'UV台帐'!B:AL,17,0) | I12: =VLOOKUP(B12,'UV台帐'!B:AL,18,0) | J12: =VLOOKUP(B12,'UV台帐'!B:AL,22,0) | K12: =VLOOKUP(B12,'UV台帐'!B:AL,24,0) | L12: =VLOOKUP(B12,'UV台帐'!B:AL,26,0) | M12: =VLOOKUP(B12,'UV台帐'!B:AL,27,0) | N12: =VLOOKUP(B12,'UV台帐'!B:AL,31,0) | O12: =VLOOKUP(B12,'UV台帐'!B:AL,33,0) | P12: =VLOOKUP(B12,'UV台帐'!B:AL,35,0) | Q12: =VLOOKUP(B12,'UV台帐'!B:AL,36,0) | S12: 是 | T12: 是 | Y12: 田雨涵01 | AA12: 李润 | AB12: 否 | AD12: 否 | AE12: 陈亮延 | AF12: =VLOOKUP(B12,'UV台帐'!B:G,6,0) | AG12: 育才实验 | AH12: 是 | AI12: 没问题，正常到课 | AJ12: 孩子前两次课表现都很好，缺乏一点主动性,其实孩子都会的。妈妈对老师挺满意的，可以多提问孩子。孩子8.20参加学校分班考，妈妈还是觉得有点压力。和妈妈沟通了，希望孩子提升的点都可以在群里提出。秋季课程还要上完暑假后对比卓越（小学一直在读）。 | AK12: 孩子前两次课表现都很好，缺乏一点主动性,其实孩子都会的。妈妈对老师挺满意的，可以多提问孩子。孩子8.20参加学校分班考，妈妈还是觉得有点压力。和妈妈沟通了，希望孩子提升的点都可以在群里提出。秋季课程还要上完暑假后对比卓越（小学一直在读）。 | AL12: B | AM12: B | AN12: B | AO12: B | AP12: 孩子没有特别积极，家长基本看孩子。明确对比卓越，卡点：孩子意向，同学都在卓越。二是距离，卓越就在家楼下。 | AQ12: 是 | AR12: 家长满意度对三科评分高，但是也明确表示体感不明显，孩子的兴趣提升感觉变化不大；还在犹豫是否续报秋季 | AS12: =COUNTIFS(H12,"零期",I12,"在读")+COUNTIFS(L12,"零期",M12,"在读")+COUNTIFS(P12,"零期",Q12,"在读") | AT12: =AS12-AX12 | AU12: =VLOOKUP(B12,'UV台帐'!B:AL,19,0) | AV12: =VLOOKUP(B12,'UV台帐'!B:AL,28,0) | AW12: =VLOOKUP(B12,'UV台帐'!B:AL,37,0) | AX12: =COUNTIFS(H12,"零期",AU12,"是")+COUNTIFS(L12,"零期",AV12,"是")+COUNTIFS(P12,"零期",AW12,"是")
A13: 新宝利 | B13: 2356540819 | C13: =VLOOKUP(B13,'UV台帐'!B:AL,2,0) | D13: =VLOOKUP(B13,'UV台帐'!B:AL,3,0) | E13: =VLOOKUP(B13,'UV台帐'!B:AL,13,0) | F13: =VLOOKUP(B13,'UV台帐'!B:AL,15,0) | G13: =VLOOKUP(B13,'UV台帐'!B:AL,16,0) | H13: =VLOOKUP(B13,'UV台帐'!B:AL,17,0) | I13: =VLOOKUP(B13,'UV台帐'!B:AL,18,0) | J13: =VLOOKUP(B13,'UV台帐'!B:AL,22,0) | K13: =VLOOKUP(B13,'UV台帐'!B:AL,24,0) | L13: =VLOOKUP(B13,'UV台帐'!B:AL,26,0) | M13: =VLOOKUP(B13,'UV台帐'!B:AL,27,0) | N13: =VLOOKUP(B13,'UV台帐'!B:AL,31,0) | O13: =VLOOKUP(B13,'UV台帐'!B:AL,33,0) | P13: =VLOOKUP(B13,'UV台帐'!B:AL,35,0) | Q13: =VLOOKUP(B13,'UV台帐'!B:AL,36,0) | S13: 是 | T13: 是 | W13: 田雨涵01 | Y13: 肖锐03 | AA13: 李润 | AB13: 不确定 | AD13: 否 | AE13: 杨林33 | AF13: =VLOOKUP(B13,'UV台帐'!B:G,6,0) | AG13: 育才实验 | AH13: 是 | AI13: 6.29毕业典礼，7.4报名，有长期学的想法 | AJ13: 孩子学习状态很好，六年级学习很抗拒，现在很喜欢，每天做作业到11点，续费是没问题的，妈妈对课程的反馈和孩子的状态很满意，唯一的疑问就是进入秋季之后是否能做到每周进行反馈，担心暑假是为了转化才频繁服务和反馈的。 | AK13: 孩子学习状态很好，六年级学习很抗拒，现在很喜欢，每天做作业到11点，续费是没问题的，妈妈对课程的反馈和孩子的状态很满意，唯一的疑问就是进入秋季之后是否能做到每周进行反馈，担心暑假是为了转化才频繁服务和反馈的。 | AL13: A | AM13: A | AN13: A | AO13: A | AP13: 喜欢课程，孩子学习状态好，妈妈认可目前的课程服务和反馈，唯一顾虑点在于秋季是否每次课程都正常的反馈，妈妈很在意 | AS13: =COUNTIFS(H13,"零期",I13,"在读")+COUNTIFS(L13,"零期",M13,"在读")+COUNTIFS(P13,"零期",Q13,"在读") | AT13: =AS13-AX13 | AU13: =VLOOKUP(B13,'UV台帐'!B:AL,19,0) | AV13: =VLOOKUP(B13,'UV台帐'!B:AL,28,0) | AW13: =VLOOKUP(B13,'UV台帐'!B:AL,37,0) | AX13: =COUNTIFS(H13,"零期",AU13,"是")+COUNTIFS(L13,"零期",AV13,"是")+COUNTIFS(P13,"零期",AW13,"是")
A14: 同创汇 | B14: 2418049678 | C14: =VLOOKUP(B14,'UV台帐'!B:AL,2,0) | D14: =VLOOKUP(B14,'UV台帐'!B:AL,3,0) | E14: =VLOOKUP(B14,'UV台帐'!B:AL,13,0) | F14: =VLOOKUP(B14,'UV台帐'!B:AL,15,0) | G14: =VLOOKUP(B14,'UV台帐'!B:AL,16,0) | H14: =VLOOKUP(B14,'UV台帐'!B:AL,17,0) | I14: =VLOOKUP(B14,'UV台帐'!B:AL,18,0) | J14: =VLOOKUP(B14,'UV台帐'!B:AL,22,0) | K14: =VLOOKUP(B14,'UV台帐'!B:AL,24,0) | L14: =VLOOKUP(B14,'UV台帐'!B:AL,26,0) | M14: =VLOOKUP(B14,'UV台帐'!B:AL,27,0) | N14: =VLOOKUP(B14,'UV台帐'!B:AL,31,0) | O14: =VLOOKUP(B14,'UV台帐'!B:AL,33,0) | P14: =VLOOKUP(B14,'UV台帐'!B:AL,35,0) | Q14: =VLOOKUP(B14,'UV台帐'!B:AL,36,0) | S14: 是 | T14: 否 | W14: 刘希子 | Y14: 黄铭怡 | AA14: 刘希子 | AB14: 是 | AC14: 沈思浩 | AD14: 是 | AE14: 沈思浩 | AF14: =VLOOKUP(B14,'UV台帐'!B:G,6,0) | AG14: 执信 | AH14: 是 | AI14: 没问题照常安排就行 | AJ14: 家长说整体上课情况都挺好的，语文和数学没啥问题，不过希望后面在于学习督促方面，老师能够更多的要求孩子，英语打卡方面老师硬性要求孩子完成，家长会积极配合，这个问题已经反馈给希子老师，明天让老师看到我们的动作，已经铺垫了后面我们会开家长会，家长是可以来参加的，不过4号要去学校报到到时候看看时间安排 | AK14: 家长说整体上课情况都挺好的，语文和数学没啥问题，不过希望后面在于学习督促方面，老师能够更多的要求孩子，英语打卡方面老师硬性要求孩子完成，家长会积极配合，这个问题已经反馈给希子老师，明天让老师看到我们的动作，已经铺垫了后面我们会开家长会，家长是可以来参加的，不过4号要去学校报到到时候看看时间安排 | AL14: S | AM14: S | AN14: S | AO14: S | AP14: 孩子上课能听懂而且还会跟老师分享日常认可教师，已经宣导家长会优惠 | AQ14: 是 | AR14: 家长三科满意度满分，综合体感非常满意；表示孩子略有进步；兴趣有所提升；并且明确表示大概率会报，有主动提出希望系统性学习。 | AS14: =COUNTIFS(H14,"零期",I14,"在读")+COUNTIFS(L14,"零期",M14,"在读")+COUNTIFS(P14,"零期",Q14,"在读") | AT14: =AS14-AX14 | AU14: =VLOOKUP(B14,'UV台帐'!B:AL,19,0) | AV14: =VLOOKUP(B14,'UV台帐'!B:AL,28,0) | AW14: =VLOOKUP(B14,'UV台帐'!B:AL,37,0) | AX14: =COUNTIFS(H14,"零期",AU14,"是")+COUNTIFS(L14,"零期",AV14,"是")+COUNTIFS(P14,"零期",AW14,"是") | AZ14: 在沟通
A15: 新宝利 | B15: 2425704855 | C15: =VLOOKUP(B15,'UV台帐'!B:AL,2,0) | D15: =VLOOKUP(B15,'UV台帐'!B:AL,3,0) | E15: =VLOOKUP(B15,'UV台帐'!B:AL,13,0) | F15: =VLOOKUP(B15,'UV台帐'!B:AL,15,0) | G15: =VLOOKUP(B15,'UV台帐'!B:AL,16,0) | H15: =VLOOKUP(B15,'UV台帐'!B:AL,17,0) | I15: =VLOOKUP(B15,'UV台帐'!B:AL,18,0) | J15: =VLOOKUP(B15,'UV台帐'!B:AL,22,0) | K15: =VLOOKUP(B15,'UV台帐'!B:AL,24,0) | L15: =VLOOKUP(B15,'UV台帐'!B:AL,26,0) | M15: =VLOOKUP(B15,'UV台帐'!B:AL,27,0) | N15: =VLOOKUP(B15,'UV台帐'!B:AL,31,0) | O15: =VLOOKUP(B15,'UV台帐'!B:AL,33,0) | P15: =VLOOKUP(B15,'UV台帐'!B:AL,35,0) | Q15: =VLOOKUP(B15,'UV台帐'!B:AL,36,0) | S15: 是 | T15: 是 | AA15: 黄铭怡 | AB15: 是 | AC15: 龙倩敏 | AD15: 是 | AE15: 王达04 | AF15: =VLOOKUP(B15,'UV台帐'!B:G,6,0) | AG15: 16中 | AH15: 是 | AI15: 没问题，已建群， | AJ15: 家长对课程暂时没有太多的问题，表示回家还没有和孩子具体了解过，孩子表示比较简单，都听得懂，直接孩子是没有过课外补习经历的，家长目标是想要孩子提前预习，减少初中一下子多科压力，家里4位孩子，回族，校内295，摇号十六中 | AK15: 家长对课程暂时没有太多的问题，表示回家还没有和孩子具体了解过，孩子表示比较简单，都听得懂，直接孩子是没有过课外补习经历的，家长目标是想要孩子提前预习，减少初中一下子多科压力，家里4位孩子，回族，校内295，摇号十六中 | AL15: B | AM15: B | AN15: B | AO15: B | AP15: 铭铭老师：判定B，孩子之前没有补习经历老师有直接问过妈妈有没有计划继续跟着学，妈妈说看孩子情况 Jerry老师判断B | AS15: =COUNTIFS(H15,"零期",I15,"在读")+COUNTIFS(L15,"零期",M15,"在读")+COUNTIFS(P15,"零期",Q15,"在读") | AT15: =AS15-AX15 | AU15: =VLOOKUP(B15,'UV台帐'!B:AL,19,0) | AV15: =VLOOKUP(B15,'UV台帐'!B:AL,28,0) | AW15: =VLOOKUP(B15,'UV台帐'!B:AL,37,0) | AX15: =COUNTIFS(H15,"零期",AU15,"是")+COUNTIFS(L15,"零期",AV15,"是")+COUNTIFS(P15,"零期",AW15,"是") | AZ15: 妈妈表示来之前有问过孩子，孩子不愿意，表示想要等开学后先学一段时间，看看有哪个科目薄弱的再提升，
A16: 同创汇 | B16: 2429621505 | C16: =VLOOKUP(B16,'UV台帐'!B:AL,2,0) | D16: =VLOOKUP(B16,'UV台帐'!B:AL,3,0) | E16: =VLOOKUP(B16,'UV台帐'!B:AL,13,0) | F16: =VLOOKUP(B16,'UV台帐'!B:AL,15,0) | G16: =VLOOKUP(B16,'UV台帐'!B:AL,16,0) | H16: =VLOOKUP(B16,'UV台帐'!B:AL,17,0) | I16: =VLOOKUP(B16,'UV台帐'!B:AL,18,0) | J16: =VLOOKUP(B16,'UV台帐'!B:AL,22,0) | K16: =VLOOKUP(B16,'UV台帐'!B:AL,24,0) | L16: =VLOOKUP(B16,'UV台帐'!B:AL,26,0) | M16: =VLOOKUP(B16,'UV台帐'!B:AL,27,0) | N16: =VLOOKUP(B16,'UV台帐'!B:AL,31,0) | O16: =VLOOKUP(B16,'UV台帐'!B:AL,33,0) | P16: =VLOOKUP(B16,'UV台帐'!B:AL,35,0) | Q16: =VLOOKUP(B16,'UV台帐'!B:AL,36,0) | S16: 否 | T16: 否 | Y16: 田雨涵01 | AA16: 田雨涵01 | AB16: 否 | AD16: 否 | AE16: 苏丽婷 | AF16: =VLOOKUP(B16,'UV台帐'!B:G,6,0) | AG16: 十三中 | AH16: 是 | AI16: 家长说颁奖典礼应该可以请假，问问校内老师先。上课时间日期、换师都没问题 | AJ16: 孩子上课爱穿短裤，已经提醒孩子穿长裤，带外套，写字飘逸，但做笔记细致些，握笔有点勾手腕了，需要长时间慢慢去纠正，妈妈多孩子的上课老师都很满意，反馈细致，很认可，需求是座位往前调，盯着孩子上课，互动可以多点。有学习效果会考虑我们秋季的，语文已经续费，差英语和数学，这两科校内成绩是B，之前是大学生上门补习，没啥效果，续班秋季异议点是上课校区有点远。区庄和新宝利都是。 | AK16: 孩子上课爱穿短裤，已经提醒孩子穿长裤，带外套，写字飘逸，但做笔记细致些，握笔有点勾手腕了，需要长时间慢慢去纠正，妈妈多孩子的上课老师都很满意，反馈细致，很认可，需求是座位往前调，盯着孩子上课，互动可以多点。有学习效果会考虑我们秋季的，语文已经续费，差英语和数学，这两科校内成绩是B，之前是大学生上门补习，没啥效果，续班秋季异议点是上课校区有点远。区庄和新宝利都是。 | AL16: A | AM16: B | AN16: S | AO16: B | AP16: 铭铭：判S，孩子语文已经续班秋季 刘希子： 田雨涵： | AQ16: 是 | AR16: 单独做一下面谈，给家长一些信心，而且给到专业和真实的反馈和分析，鼓励并引导孩子回家多和家长分享。 | AS16: =COUNTIFS(H16,"零期",I16,"在读")+COUNTIFS(L16,"零期",M16,"在读")+COUNTIFS(P16,"零期",Q16,"在读") | AT16: =AS16-AX16 | AU16: =VLOOKUP(B16,'UV台帐'!B:AL,19,0) | AV16: =VLOOKUP(B16,'UV台帐'!B:AL,28,0) | AW16: =VLOOKUP(B16,'UV台帐'!B:AL,37,0) | AX16: =COUNTIFS(H16,"零期",AU16,"是")+COUNTIFS(L16,"零期",AV16,"是")+COUNTIFS(P16,"零期",AW16,"是") | AZ16: 提前续费语文，数学、英语跟不上；
A17: 同创汇 | B17: 2439586675 | C17: =VLOOKUP(B17,'UV台帐'!B:AL,2,0) | D17: =VLOOKUP(B17,'UV台帐'!B:AL,3,0) | E17: =VLOOKUP(B17,'UV台帐'!B:AL,13,0) | F17: =VLOOKUP(B17,'UV台帐'!B:AL,15,0) | G17: =VLOOKUP(B17,'UV台帐'!B:AL,16,0) | H17: =VLOOKUP(B17,'UV台帐'!B:AL,17,0) | I17: =VLOOKUP(B17,'UV台帐'!B:AL,18,0) | J17: =VLOOKUP(B17,'UV台帐'!B:AL,22,0) | K17: =VLOOKUP(B17,'UV台帐'!B:AL,24,0) | L17: =VLOOKUP(B17,'UV台帐'!B:AL,26,0) | M17: =VLOOKUP(B17,'UV台帐'!B:AL,27,0) | N17: =VLOOKUP(B17,'UV台帐'!B:AL,31,0) | O17: =VLOOKUP(B17,'UV台帐'!B:AL,33,0) | P17: =VLOOKUP(B17,'UV台帐'!B:AL,35,0) | Q17: =VLOOKUP(B17,'UV台帐'!B:AL,36,0) | S17: 是 | T17: 否 | AA17: 刘希子 | AB17: 是 | AD17: 否 | AE17: 戎凯01 | AF17: =VLOOKUP(B17,'UV台帐'!B:G,6,0) | AG17: 育才 | AH17: 是 | AI17: 0期来上语文英语，2期上数学 | AJ17: 妈妈认识到初中的重要性，家里还有一个四年级的弟弟，需要在下一下危机，没有说后续不学秋季，目前只上了一次课，需要在上几次，看一下孩子的提升点 | AK17: 妈妈认识到初中的重要性，家里还有一个四年级的弟弟，需要在下一下危机，没有说后续不学秋季，目前只上了一次课，需要在上几次，看一下孩子的提升点 | AL17: B | AM17: B | AN17: B | AO17: B | AS17: =COUNTIFS(H17,"零期",I17,"在读")+COUNTIFS(L17,"零期",M17,"在读")+COUNTIFS(P17,"零期",Q17,"在读") | AT17: =AS17-AX17 | AU17: =VLOOKUP(B17,'UV台帐'!B:AL,19,0) | AV17: =VLOOKUP(B17,'UV台帐'!B:AL,28,0) | AW17: =VLOOKUP(B17,'UV台帐'!B:AL,37,0) | AX17: =COUNTIFS(H17,"零期",AU17,"是")+COUNTIFS(L17,"零期",AV17,"是")+COUNTIFS(P17,"零期",AW17,"是") | AZ17: 没来
A18: 新宝利 | B18: 2442647983 | C18: =VLOOKUP(B18,'UV台帐'!B:AL,2,0) | D18: =VLOOKUP(B18,'UV台帐'!B:AL,3,0) | E18: =VLOOKUP(B18,'UV台帐'!B:AL,13,0) | F18: =VLOOKUP(B18,'UV台帐'!B:AL,15,0) | G18: =VLOOKUP(B18,'UV台帐'!B:AL,16,0) | H18: =VLOOKUP(B18,'UV台帐'!B:AL,17,0) | I18: =VLOOKUP(B18,'UV台帐'!B:AL,18,0) | J18: =VLOOKUP(B18,'UV台帐'!B:AL,22,0) | K18: =VLOOKUP(B18,'UV台帐'!B:AL,24,0) | L18: =VLOOKUP(B18,'UV台帐'!B:AL,26,0) | M18: =VLOOKUP(B18,'UV台帐'!B:AL,27,0) | N18: =VLOOKUP(B18,'UV台帐'!B:AL,31,0) | O18: =VLOOKUP(B18,'UV台帐'!B:AL,33,0) | P18: =VLOOKUP(B18,'UV台帐'!B:AL,35,0) | Q18: =VLOOKUP(B18,'UV台帐'!B:AL,36,0) | S18: 是 | T18: 否 | AA18: 黄铭怡 | AB18: 未回复 | AC18: 老生 | AD18: 否 | AE18: 林志豪01 | AF18: =VLOOKUP(B18,'UV台帐'!B:G,6,0) | AH18: 是 | AJ18: 老生 | AK18: 老生 | AP18: 老生 | AS18: =COUNTIFS(H18,"零期",I18,"在读")+COUNTIFS(L18,"零期",M18,"在读")+COUNTIFS(P18,"零期",Q18,"在读") | AT18: =AS18-AX18 | AU18: =VLOOKUP(B18,'UV台帐'!B:AL,19,0) | AV18: =VLOOKUP(B18,'UV台帐'!B:AL,28,0) | AW18: =VLOOKUP(B18,'UV台帐'!B:AL,37,0) | AX18: =COUNTIFS(H18,"零期",AU18,"是")+COUNTIFS(L18,"零期",AV18,"是")+COUNTIFS(P18,"零期",AW18,"是")
A19: 同创汇 | B19: 2451166246 | C19: =VLOOKUP(B19,'UV台帐'!B:AL,2,0) | D19: =VLOOKUP(B19,'UV台帐'!B:AL,3,0) | E19: =VLOOKUP(B19,'UV台帐'!B:AL,13,0) | F19: =VLOOKUP(B19,'UV台帐'!B:AL,15,0) | G19: =VLOOKUP(B19,'UV台帐'!B:AL,16,0) | H19: =VLOOKUP(B19,'UV台帐'!B:AL,17,0) | I19: =VLOOKUP(B19,'UV台帐'!B:AL,18,0) | J19: =VLOOKUP(B19,'UV台帐'!B:AL,22,0) | K19: =VLOOKUP(B19,'UV台帐'!B:AL,24,0) | L19: =VLOOKUP(B19,'UV台帐'!B:AL,26,0) | M19: =VLOOKUP(B19,'UV台帐'!B:AL,27,0) | N19: =VLOOKUP(B19,'UV台帐'!B:AL,31,0) | O19: =VLOOKUP(B19,'UV台帐'!B:AL,33,0) | P19: =VLOOKUP(B19,'UV台帐'!B:AL,35,0) | Q19: =VLOOKUP(B19,'UV台帐'!B:AL,36,0) | S19: 是 | T19: 是 | W19: 刘希子,李润 | AA19: 刘希子 | AB19: 是 | AC19: 陈中帅 | AD19: 是 | AE19: 王丽 | AF19: =VLOOKUP(B19,'UV台帐'!B:G,6,0) | AH19: 是 | AI19: 7.7下午3点的语文课，临时调整到1点半 | AJ19: 电话未接，微信留言；家长会来，家长会关注。 | AK19: 电话未接，微信留言；家长会来，家长会关注。 | AL19: A | AM19: A | AN19: B | AO19: B | AP19: 数学：要现场沟通，说进步+体系 | AQ19: 是 | AR19: 目前满意度较高，表示有进步，兴趣有提升；作业正确率及主动性提高；还在犹豫，原因已经提前报读其他机构。 | AS19: =COUNTIFS(H19,"零期",I19,"在读")+COUNTIFS(L19,"零期",M19,"在读")+COUNTIFS(P19,"零期",Q19,"在读") | AT19: =AS19-AX19 | AU19: =VLOOKUP(B19,'UV台帐'!B:AL,19,0) | AV19: =VLOOKUP(B19,'UV台帐'!B:AL,28,0) | AW19: =VLOOKUP(B19,'UV台帐'!B:AL,37,0) | AX19: =COUNTIFS(H19,"零期",AU19,"是")+COUNTIFS(L19,"零期",AV19,"是")+COUNTIFS(P19,"零期",AW19,"是") | AZ19: 卡点：初中的压轴题如何去帮孩子做讲解；搞定这个规划问题就能报 语文概率不大，家长很关心孩子每个部分的学习和提高情况，但明确说只愿意让孩子上数学和物理。想在现场咨询物理，但是就没有物理老师。
A20: 新宝利 | B20: 2463978823 | C20: =VLOOKUP(B20,'UV台帐'!B:AL,2,0) | D20: =VLOOKUP(B20,'UV台帐'!B:AL,3,0) | E20: =VLOOKUP(B20,'UV台帐'!B:AL,13,0) | F20: =VLOOKUP(B20,'UV台帐'!B:AL,15,0) | G20: =VLOOKUP(B20,'UV台帐'!B:AL,16,0) | H20: =VLOOKUP(B20,'UV台帐'!B:AL,17,0) | I20: =VLOOKUP(B20,'UV台帐'!B:AL,18,0) | J20: =VLOOKUP(B20,'UV台帐'!B:AL,22,0) | K20: =VLOOKUP(B20,'UV台帐'!B:AL,24,0) | L20: =VLOOKUP(B20,'UV台帐'!B:AL,26,0) | M20: =VLOOKUP(B20,'UV台帐'!B:AL,27,0) | N20: =VLOOKUP(B20,'UV台帐'!B:AL,31,0) | O20: =VLOOKUP(B20,'UV台帐'!B:AL,33,0) | P20: =VLOOKUP(B20,'UV台帐'!B:AL,35,0) | Q20: =VLOOKUP(B20,'UV台帐'!B:AL,36,0) | S20: 是 | T20: 否 | W20: 田雨涵01,李润 | AA20: 李润 | AB20: 否 | AD20: 否 | AE20: 王达04 | AF20: =VLOOKUP(B20,'UV台帐'!B:G,6,0) | AG20: 西关外国语 | AH20: 是 | AI20: 没问题，已建群， | AJ20: 妈妈表示询问孩子都说还行，听得懂，，但是孩子平时回家不做预习，希望老师和孩子说一下，让孩子知道老师在关注这个事情，但会主动完成作业，英语校内成绩很好，语文93作业，之前有上过语文的一对一，孩子比较的粗心，和开小差，希望老师上课可以多提问和点点他，小学是在番禺读书，暑假也是在番禺住，开学就会回来越秀这边 | AK20: 妈妈表示询问孩子都说还行，听得懂，，但是孩子平时回家不做预习，希望老师和孩子说一下，让孩子知道老师在关注这个事情，但会主动完成作业，英语校内成绩很好，语文93作业，之前有上过语文的一对一，孩子比较的粗心，和开小差，希望老师上课可以多提问和点点他，小学是在番禺读书，暑假也是在番禺住，开学就会回来越秀这边 | AL20: B | AM20: B | AN20: B | AP20: 李润：判定B 跟家长面对面沟通 家长的了解意愿停留在暑假的课程内容上面 感觉对秋季的规划安排的比较少。 | AQ20: 是 | AR20: 目前满意度反馈均5分；孩子变化作业主动完成作业，续费态度还在犹豫，如果不续报无明确原因；可以尝试从孩子未来目标高中，从初中三年去规划；而且孩子读西外，已经是荔湾1线学校，学校竞争较大，着重解读一下暑秋衔接重要，初中学习的难度的螺旋上升的，而且体系化，很多小学优秀的孩子容易在初中掉队。 | AS20: =COUNTIFS(H20,"零期",I20,"在读")+COUNTIFS(L20,"零期",M20,"在读")+COUNTIFS(P20,"零期",Q20,"在读") | AT20: =AS20-AX20 | AU20: =VLOOKUP(B20,'UV台帐'!B:AL,19,0) | AV20: =VLOOKUP(B20,'UV台帐'!B:AL,28,0) | AW20: =VLOOKUP(B20,'UV台帐'!B:AL,37,0) | AX20: =COUNTIFS(H20,"零期",AU20,"是")+COUNTIFS(L20,"零期",AV20,"是")+COUNTIFS(P20,"零期",AW20,"是")
A21: 新宝利 | B21: 2466589641 | C21: =VLOOKUP(B21,'UV台帐'!B:AL,2,0) | D21: =VLOOKUP(B21,'UV台帐'!B:AL,3,0) | E21: =VLOOKUP(B21,'UV台帐'!B:AL,13,0) | F21: =VLOOKUP(B21,'UV台帐'!B:AL,15,0) | G21: =VLOOKUP(B21,'UV台帐'!B:AL,16,0) | H21: =VLOOKUP(B21,'UV台帐'!B:AL,17,0) | I21: =VLOOKUP(B21,'UV台帐'!B:AL,18,0) | J21: =VLOOKUP(B21,'UV台帐'!B:AL,22,0) | K21: =VLOOKUP(B21,'UV台帐'!B:AL,24,0) | L21: =VLOOKUP(B21,'UV台帐'!B:AL,26,0) | M21: =VLOOKUP(B21,'UV台帐'!B:AL,27,0) | N21: =VLOOKUP(B21,'UV台帐'!B:AL,31,0) | O21: =VLOOKUP(B21,'UV台帐'!B:AL,33,0) | P21: =VLOOKUP(B21,'UV台帐'!B:AL,35,0) | Q21: =VLOOKUP(B21,'UV台帐'!B:AL,36,0) | S21: 是 | T21: 是 | Y21: 田雨涵01 | AA21: 肖锐03 | AB21: 是 | AC21: 何咏 | AD21: 是 | AE21: 林志豪01 | AF21: =VLOOKUP(B21,'UV台帐'!B:G,6,0) | AG21: 侨外 | AH21: 是 | AJ21: 孩子之前是有K优秀，有机构的不过数学觉得我们不错明确在我们这里继续学习，所以想着英语也来我们这里学，妈咪这几节课还可以，反馈也不错，学的好的情况考虑继续学习 | AK21: 孩子之前是有K优秀，有机构的不过数学觉得我们不错明确在我们这里继续学习，所以想着英语也来我们这里学，妈咪这几节课还可以，反馈也不错，学的好的情况考虑继续学习 | AL21: A | AM21: S | AO21: C | AP21: 1、孩子之前是有K优秀，有机构的不过数学觉得我们不错明确在我们这里继续学习，所以想着英语也来我们这里学，妈咪这几节课还可以，反馈也不错，学的好的情况考虑继续学习2、但是担心孩子觉得简单 | AQ21: 是 | AR21: 满意度调查表示对两科满意；表示大概率会报读；但是目前有机构在读，未来续报比价，对比机构、师资会是卡点。需要老师铺垫未来对于孩子秋季的明确规划，引导好孩子的目标，多鼓励孩子，引导孩子回家和家长互动，多反馈在我司学习的情况，有利于增强家长体感 | AS21: =COUNTIFS(H21,"零期",I21,"在读")+COUNTIFS(L21,"零期",M21,"在读")+COUNTIFS(P21,"零期",Q21,"在读") | AT21: =AS21-AX21 | AU21: =VLOOKUP(B21,'UV台帐'!B:AL,19,0) | AV21: =VLOOKUP(B21,'UV台帐'!B:AL,28,0) | AW21: =VLOOKUP(B21,'UV台帐'!B:AL,37,0) | AX21: =COUNTIFS(H21,"零期",AU21,"是")+COUNTIFS(L21,"零期",AV21,"是")+COUNTIFS(P21,"零期",AW21,"是") | AZ21: 判C，知道价格去其他机构。
A22: 同创汇 | B22: 2472389311 | C22: =VLOOKUP(B22,'UV台帐'!B:AL,2,0) | D22: =VLOOKUP(B22,'UV台帐'!B:AL,3,0) | E22: =VLOOKUP(B22,'UV台帐'!B:AL,13,0) | F22: =VLOOKUP(B22,'UV台帐'!B:AL,15,0) | G22: =VLOOKUP(B22,'UV台帐'!B:AL,16,0) | H22: =VLOOKUP(B22,'UV台帐'!B:AL,17,0) | I22: =VLOOKUP(B22,'UV台帐'!B:AL,18,0) | J22: =VLOOKUP(B22,'UV台帐'!B:AL,22,0) | K22: =VLOOKUP(B22,'UV台帐'!B:AL,24,0) | L22: =VLOOKUP(B22,'UV台帐'!B:AL,26,0) | M22: =VLOOKUP(B22,'UV台帐'!B:AL,27,0) | N22: =VLOOKUP(B22,'UV台帐'!B:AL,31,0) | O22: =VLOOKUP(B22,'UV台帐'!B:AL,33,0) | P22: =VLOOKUP(B22,'UV台帐'!B:AL,35,0) | Q22: =VLOOKUP(B22,'UV台帐'!B:AL,36,0) | S22: 是 | T22: 是 | AA22: 李润 | AB22: 否 | AD22: 否 | AE22: 戎凯01 | AF22: =VLOOKUP(B22,'UV台帐'!B:G,6,0) | AH22: 是 | AI22: 可正常来上课 | AJ22: 孩子目前才上一节课，还没融入班级，妈妈希望老师多关注一下，把座位安排在第二排，同桌最好多活跃一点，帮助孩子融入，考虑后续秋季班，看孩子意愿。 | AK22: 孩子目前才上一节课，还没融入班级，妈妈希望老师多关注一下，把座位安排在第二排，同桌最好多活跃一点，帮助孩子融入，考虑后续秋季班，看孩子意愿。 | AL22: A | AN22: A | AS22: =COUNTIFS(H22,"零期",I22,"在读")+COUNTIFS(L22,"零期",M22,"在读")+COUNTIFS(P22,"零期",Q22,"在读") | AT22: =AS22-AX22 | AU22: =VLOOKUP(B22,'UV台帐'!B:AL,19,0) | AV22: =VLOOKUP(B22,'UV台帐'!B:AL,28,0) | AW22: =VLOOKUP(B22,'UV台帐'!B:AL,37,0) | AX22: =COUNTIFS(H22,"零期",AU22,"是")+COUNTIFS(L22,"零期",AV22,"是")+COUNTIFS(P22,"零期",AW22,"是") | AZ22: 没来
A23: 同创汇 | B23: 2488140963 | C23: =VLOOKUP(B23,'UV台帐'!B:AL,2,0) | D23: =VLOOKUP(B23,'UV台帐'!B:AL,3,0) | E23: =VLOOKUP(B23,'UV台帐'!B:AL,13,0) | F23: =VLOOKUP(B23,'UV台帐'!B:AL,15,0) | G23: =VLOOKUP(B23,'UV台帐'!B:AL,16,0) | H23: =VLOOKUP(B23,'UV台帐'!B:AL,17,0) | I23: =VLOOKUP(B23,'UV台帐'!B:AL,18,0) | J23: =VLOOKUP(B23,'UV台帐'!B:AL,22,0) | K23: =VLOOKUP(B23,'UV台帐'!B:AL,24,0) | L23: =VLOOKUP(B23,'UV台帐'!B:AL,26,0) | M23: =VLOOKUP(B23,'UV台帐'!B:AL,27,0) | N23: =VLOOKUP(B23,'UV台帐'!B:AL,31,0) | O23: =VLOOKUP(B23,'UV台帐'!B:AL,33,0) | P23: =VLOOKUP(B23,'UV台帐'!B:AL,35,0) | Q23: =VLOOKUP(B23,'UV台帐'!B:AL,36,0) | T23: 是 | W23: 刘希子 | AA23: 刘希子 | AB23: 是 | AC23: 沈源 | AD23: 是 | AE23: 戎凯01 | AF23: =VLOOKUP(B23,'UV台帐'!B:G,6,0) | AH23: 是 | AI23: 可正常来上课 | AJ23: 孩子爷爷会干扰孩子学习，各种纵容。妈妈很烦扰这点，孩子英语比较薄弱，希望老师能多鼓励孩子去学习，孩子比较吃这套，后续秋季学习没问题；三科里面英语做薄弱，其他科目续费了，就差英语；可以严格要求孩子 希子：反馈只要孩子进步，会转化续费。 | AK23: 孩子爷爷会干扰孩子学习，各种纵容。妈妈很烦扰这点，孩子英语比较薄弱，希望老师能多鼓励孩子去学习，孩子比较吃这套，后续秋季学习没问题；三科里面英语做薄弱，其他科目续费了，就差英语；可以严格要求孩子 希子：反馈只要孩子进步，会转化续费。 | AL23: S | AM23: S | AN23: S | AO23: S | AP23: 表示大概率会报，并且明确夸奖老师负责任；对后续规划也非常满意 | AQ23: 是 | AS23: =COUNTIFS(H23,"零期",I23,"在读")+COUNTIFS(L23,"零期",M23,"在读")+COUNTIFS(P23,"零期",Q23,"在读") | AT23: =AS23-AX23 | AU23: =VLOOKUP(B23,'UV台帐'!B:AL,19,0) | AV23: =VLOOKUP(B23,'UV台帐'!B:AL,28,0) | AW23: =VLOOKUP(B23,'UV台帐'!B:AL,37,0) | AX23: =COUNTIFS(H23,"零期",AU23,"是")+COUNTIFS(L23,"零期",AV23,"是")+COUNTIFS(P23,"零期",AW23,"是") | AZ23: 最后说明说会给答复，因为一定要去和张进桐本人聊一下
A24: 同创汇 | B24: 2496864413 | C24: =VLOOKUP(B24,'UV台帐'!B:AL,2,0) | D24: =VLOOKUP(B24,'UV台帐'!B:AL,3,0) | E24: =VLOOKUP(B24,'UV台帐'!B:AL,13,0) | F24: =VLOOKUP(B24,'UV台帐'!B:AL,15,0) | G24: =VLOOKUP(B24,'UV台帐'!B:AL,16,0) | H24: =VLOOKUP(B24,'UV台帐'!B:AL,17,0) | I24: =VLOOKUP(B24,'UV台帐'!B:AL,18,0) | J24: =VLOOKUP(B24,'UV台帐'!B:AL,22,0) | K24: =VLOOKUP(B24,'UV台帐'!B:AL,24,0) | L24: =VLOOKUP(B24,'UV台帐'!B:AL,26,0) | M24: =VLOOKUP(B24,'UV台帐'!B:AL,27,0) | N24: =VLOOKUP(B24,'UV台帐'!B:AL,31,0) | O24: =VLOOKUP(B24,'UV台帐'!B:AL,33,0) | P24: =VLOOKUP(B24,'UV台帐'!B:AL,35,0) | Q24: =VLOOKUP(B24,'UV台帐'!B:AL,36,0) | S24: 是 | T24: 否 | U24: 田雨涵01,高心怡04 | Y24: 李润 | AA24: 田雨涵01 | AB24: 否 | AD24: 否 | AE24: 苏丽婷 | AF24: =VLOOKUP(B24,'UV台帐'!B:G,6,0) | AG24: 培正 | AH24: 是 | AI24: 6月29号下午拿通知书待确定，作业帮的课可能需要请假，7月8号第一节请假需要晚上补课 | AJ24: 面聊了一下，孩子对我们老师认可是不错的，妈妈对于老师的反馈也觉得很细致，孩子有点腼腆，希望老师可以多多鼓励她，互动可以多点，摇到了培正，之前没有上过补习课，没有补课习惯 ，秋季异议点估计是考虑续班费用的问题 | AK24: 学习对孩子严格要求些 | AL24: B | AM24: B | AN24: B | AO24: B | AP24: 李润 田雨涵01 高心怡04：孩子乖巧，听课认真 | AS24: =COUNTIFS(H24,"零期",I24,"在读")+COUNTIFS(L24,"零期",M24,"在读")+COUNTIFS(P24,"零期",Q24,"在读") | AT24: =AS24-AX24 | AU24: =VLOOKUP(B24,'UV台帐'!B:AL,19,0) | AV24: =VLOOKUP(B24,'UV台帐'!B:AL,28,0) | AW24: =VLOOKUP(B24,'UV台帐'!B:AL,37,0) | AX24: =COUNTIFS(H24,"零期",AU24,"是")+COUNTIFS(L24,"零期",AV24,"是")+COUNTIFS(P24,"零期",AW24,"是") | AZ24: 费用问题是卡，只接受微信沟通；
A25: 新宝利 | B25: 2499809313 | C25: =VLOOKUP(B25,'UV台帐'!B:AL,2,0) | D25: =VLOOKUP(B25,'UV台帐'!B:AL,3,0) | E25: =VLOOKUP(B25,'UV台帐'!B:AL,13,0) | F25: =VLOOKUP(B25,'UV台帐'!B:AL,15,0) | G25: =VLOOKUP(B25,'UV台帐'!B:AL,16,0) | H25: =VLOOKUP(B25,'UV台帐'!B:AL,17,0) | I25: =VLOOKUP(B25,'UV台帐'!B:AL,18,0) | J25: =VLOOKUP(B25,'UV台帐'!B:AL,22,0) | K25: =VLOOKUP(B25,'UV台帐'!B:AL,24,0) | L25: =VLOOKUP(B25,'UV台帐'!B:AL,26,0) | M25: =VLOOKUP(B25,'UV台帐'!B:AL,27,0) | N25: =VLOOKUP(B25,'UV台帐'!B:AL,31,0) | O25: =VLOOKUP(B25,'UV台帐'!B:AL,33,0) | P25: =VLOOKUP(B25,'UV台帐'!B:AL,35,0) | Q25: =VLOOKUP(B25,'UV台帐'!B:AL,36,0) | S25: 是 | T25: 是 | W25: 肖锐03 | AA25: 李润 | AB25: 是 | AC25: 朱悦涵 | AD25: 是 | AE25: 林志豪01 | AF25: =VLOOKUP(B25,'UV台帐'!B:G,6,0) | AG25: 西关培英 | AH25: 是 | AJ25: 觉得都挺好的，三科老师都很满意，尤其孩子特别喜欢大帅老师， | AK25: 觉得都挺好的，三科老师都很满意，尤其孩子特别喜欢大帅老师， | AL25: B | AN25: B | AO25: B | AP25: 觉得都挺好的，三科老师都很满意，尤其孩子特别喜欢大帅老师，有老生加持，但是没什么特别反馈，目前在帮弟弟找数学，优先考虑弟弟的 | AS25: =COUNTIFS(H25,"零期",I25,"在读")+COUNTIFS(L25,"零期",M25,"在读")+COUNTIFS(P25,"零期",Q25,"在读") | AT25: =AS25-AX25 | AU25: =VLOOKUP(B25,'UV台帐'!B:AL,19,0) | AV25: =VLOOKUP(B25,'UV台帐'!B:AL,28,0) | AW25: =VLOOKUP(B25,'UV台帐'!B:AL,37,0) | AX25: =COUNTIFS(H25,"零期",AU25,"是")+COUNTIFS(L25,"零期",AV25,"是")+COUNTIFS(P25,"零期",AW25,"是") | AZ25: 未到
A26: 同创汇 | B26: 2514322951 | C26: =VLOOKUP(B26,'UV台帐'!B:AL,2,0) | D26: =VLOOKUP(B26,'UV台帐'!B:AL,3,0) | E26: =VLOOKUP(B26,'UV台帐'!B:AL,13,0) | F26: =VLOOKUP(B26,'UV台帐'!B:AL,15,0) | G26: =VLOOKUP(B26,'UV台帐'!B:AL,16,0) | H26: =VLOOKUP(B26,'UV台帐'!B:AL,17,0) | I26: =VLOOKUP(B26,'UV台帐'!B:AL,18,0) | J26: =VLOOKUP(B26,'UV台帐'!B:AL,22,0) | K26: =VLOOKUP(B26,'UV台帐'!B:AL,24,0) | L26: =VLOOKUP(B26,'UV台帐'!B:AL,26,0) | M26: =VLOOKUP(B26,'UV台帐'!B:AL,27,0) | N26: =VLOOKUP(B26,'UV台帐'!B:AL,31,0) | O26: =VLOOKUP(B26,'UV台帐'!B:AL,33,0) | P26: =VLOOKUP(B26,'UV台帐'!B:AL,35,0) | Q26: =VLOOKUP(B26,'UV台帐'!B:AL,36,0) | S26: 是 | T26: 是 | W26: 刘希子 | AA26: 刘希子 | AB26: 是 | AC26: 何咏 | AD26: 是 | AE26: 苏丽婷 | AF26: =VLOOKUP(B26,'UV台帐'!B:G,6,0) | AG26: 源雅 | AH26: 是 | AI26: 6月29日(下午2:30-3:30)回校拿录取通知书和毕业生纸质档案 7月10日(早上8:00)回校参加散学典礼拿成长手册和奖状 | AJ26: 昨晚关机，家长是护士，工作很忙碌，平时也是姥姥接送，今日微信联系是孩子妈妈想先找孩子详细了解一下后答复，VIP群回复也很及时；看孩子意愿； | AK26: 昨晚关机，家长是护士，工作很忙碌，平时也是姥姥接送，今日微信联系是孩子妈妈想先找孩子详细了解一下后答复，VIP群回复也很及时；看孩子意愿； | AL26: A | AM26: A | AN26: C | AO26: B | AP26: 铭铭：语文判C，之前退费，报暑假之前就说过不打算报秋；三科都报了新东方的暑假； 中帅：白省和源雅都去考试了，没出结果；学习习惯不好，得抓学习习惯。 希子： | AS26: =COUNTIFS(H26,"零期",I26,"在读")+COUNTIFS(L26,"零期",M26,"在读")+COUNTIFS(P26,"零期",Q26,"在读") | AT26: =AS26-AX26 | AU26: =VLOOKUP(B26,'UV台帐'!B:AL,19,0) | AV26: =VLOOKUP(B26,'UV台帐'!B:AL,28,0) | AW26: =VLOOKUP(B26,'UV台帐'!B:AL,37,0) | AX26: =COUNTIFS(H26,"零期",AU26,"是")+COUNTIFS(L26,"零期",AV26,"是")+COUNTIFS(P26,"零期",AW26,"是") | AZ26: 几套说辞，搬家白云，秋季听孩子的意见，觉得进度慢找小机构对比，何咏老师看了那边教学大纲很水，和妈妈做了排他，要考虑回去找孩子商量。
A27: 新宝利 | B27: 2515578569 | C27: =VLOOKUP(B27,'UV台帐'!B:AL,2,0) | D27: =VLOOKUP(B27,'UV台帐'!B:AL,3,0) | E27: =VLOOKUP(B27,'UV台帐'!B:AL,13,0) | F27: =VLOOKUP(B27,'UV台帐'!B:AL,15,0) | G27: =VLOOKUP(B27,'UV台帐'!B:AL,16,0) | H27: =VLOOKUP(B27,'UV台帐'!B:AL,17,0) | I27: =VLOOKUP(B27,'UV台帐'!B:AL,18,0) | J27: =VLOOKUP(B27,'UV台帐'!B:AL,22,0) | K27: =VLOOKUP(B27,'UV台帐'!B:AL,24,0) | L27: =VLOOKUP(B27,'UV台帐'!B:AL,26,0) | M27: =VLOOKUP(B27,'UV台帐'!B:AL,27,0) | N27: =VLOOKUP(B27,'UV台帐'!B:AL,31,0) | O27: =VLOOKUP(B27,'UV台帐'!B:AL,33,0) | P27: =VLOOKUP(B27,'UV台帐'!B:AL,35,0) | Q27: =VLOOKUP(B27,'UV台帐'!B:AL,36,0) | S27: 是 | T27: 否 | AA27: 陈中帅 | AB27: 不确定 | AC27: 沈源 | AD27: 否 | AE27: 张敏烨 | AF27: =VLOOKUP(B27,'UV台帐'!B:G,6,0) | AG27: 三中 | AH27: 是 | AI27: 29返校 | AJ27: 聊了10分钟孩子专注度不够，比较懒，希望老师多关注一下，之前上过猿辅导的线上课，觉得班课好一些，秋季学习主要看孩子自己，妈妈对于孩子有点放养式的，一切都看孩子，孩子觉得上课内容不难，比较怕老师的那种，老师可以多关注下孩子，跟孩子互动，没有反馈过上课情况（学习习惯不好）语文已调1期 | AK27: 聊了10分钟孩子专注度不够，比较懒，希望老师多关注一下，之前上过猿辅导的线上课，觉得班课好一些，秋季学习主要看孩子自己，妈妈对于孩子有点放养式的，一切都看孩子，孩子觉得上课内容不难，比较怕老师的那种，老师可以多关注下孩子，跟孩子互动，没有反馈过上课情况（学习习惯不好）语文已调1期 | AL27: A | AM27: B | AN27: B | AP27: 语文已经调到1期，家长有主动问过秋季价格，讲完家长觉得贵，秋季的学习主要看孩子自己，对孩子的上课情况感觉家长不怎么关注的，卡点是家长觉得贵，孩子计算需要提高 | AS27: =COUNTIFS(H27,"零期",I27,"在读")+COUNTIFS(L27,"零期",M27,"在读")+COUNTIFS(P27,"零期",Q27,"在读") | AT27: =AS27-AX27 | AU27: =VLOOKUP(B27,'UV台帐'!B:AL,19,0) | AV27: =VLOOKUP(B27,'UV台帐'!B:AL,28,0) | AW27: =VLOOKUP(B27,'UV台帐'!B:AL,37,0) | AX27: =COUNTIFS(H27,"零期",AU27,"是")+COUNTIFS(L27,"零期",AV27,"是")+COUNTIFS(P27,"零期",AW27,"是")
A28: 新宝利 | B28: 2519098261 | C28: =VLOOKUP(B28,'UV台帐'!B:AL,2,0) | D28: =VLOOKUP(B28,'UV台帐'!B:AL,3,0) | E28: =VLOOKUP(B28,'UV台帐'!B:AL,13,0) | F28: =VLOOKUP(B28,'UV台帐'!B:AL,15,0) | G28: =VLOOKUP(B28,'UV台帐'!B:AL,16,0) | H28: =VLOOKUP(B28,'UV台帐'!B:AL,17,0) | I28: =VLOOKUP(B28,'UV台帐'!B:AL,18,0) | J28: =VLOOKUP(B28,'UV台帐'!B:AL,22,0) | K28: =VLOOKUP(B28,'UV台帐'!B:AL,24,0) | L28: =VLOOKUP(B28,'UV台帐'!B:AL,26,0) | M28: =VLOOKUP(B28,'UV台帐'!B:AL,27,0) | N28: =VLOOKUP(B28,'UV台帐'!B:AL,31,0) | O28: =VLOOKUP(B28,'UV台帐'!B:AL,33,0) | P28: =VLOOKUP(B28,'UV台帐'!B:AL,35,0) | Q28: =VLOOKUP(B28,'UV台帐'!B:AL,36,0) | S28: 是 | T28: 否 | U28: 李润 | W28: 肖锐03 | AA28: 李润 | AB28: 是 | AC28: 已转化 | AD28: 是 | AE28: 陈亮延 | AF28: =VLOOKUP(B28,'UV台帐'!B:G,6,0) | AG28: 侨中 | AH28: 是 | AI28: 没问题，正常到课 | AJ28: 6.29面谈回访，妈妈对于咱们课程还挺满意，妈妈对于后续安排存在两个顾虑点，一个是后续老师的反馈服务是否能持续进行，另一个是后面孩子的课程是否会有升班机制，和家长有提及超能班的体系。目前基本确认续费情况（秋语数英），家长需要和孩子确定意愿，价格方面需要再磨一下，因为课前优惠和现在优惠差额700。 | AK28: 6.29面谈回访，妈妈对于咱们课程还挺满意，妈妈对于后续安排存在两个顾虑点，一个是后续老师的反馈服务是否能持续进行，另一个是后面孩子的课程是否会有升班机制，和家长有提及超能班的体系。目前基本确认续费情况（秋语数英），家长需要和孩子确定意愿，价格方面需要再磨一下，因为课前优惠和现在优惠差额700。 | AL28: S | AM28: S | AN28: S | AO28: S | AP28: 家长已经沟通了秋季，目前纠结优惠，因为之前报过暑秋连报价格。 | AQ28: 是 | AS28: =COUNTIFS(H28,"零期",I28,"在读")+COUNTIFS(L28,"零期",M28,"在读")+COUNTIFS(P28,"零期",Q28,"在读") | AT28: =AS28-AX28 | AU28: =VLOOKUP(B28,'UV台帐'!B:AL,19,0) | AV28: =VLOOKUP(B28,'UV台帐'!B:AL,28,0) | AW28: =VLOOKUP(B28,'UV台帐'!B:AL,37,0) | AX28: =COUNTIFS(H28,"零期",AU28,"是")+COUNTIFS(L28,"零期",AV28,"是")+COUNTIFS(P28,"零期",AW28,"是") | AZ28: 已转
A29: 同创汇 | B29: 2520917908 | C29: =VLOOKUP(B29,'UV台帐'!B:AL,2,0) | D29: =VLOOKUP(B29,'UV台帐'!B:AL,3,0) | E29: =VLOOKUP(B29,'UV台帐'!B:AL,13,0) | F29: =VLOOKUP(B29,'UV台帐'!B:AL,15,0) | G29: =VLOOKUP(B29,'UV台帐'!B:AL,16,0) | H29: =VLOOKUP(B29,'UV台帐'!B:AL,17,0) | I29: =VLOOKUP(B29,'UV台帐'!B:AL,18,0) | J29: =VLOOKUP(B29,'UV台帐'!B:AL,22,0) | K29: =VLOOKUP(B29,'UV台帐'!B:AL,24,0) | L29: =VLOOKUP(B29,'UV台帐'!B:AL,26,0) | M29: =VLOOKUP(B29,'UV台帐'!B:AL,27,0) | N29: =VLOOKUP(B29,'UV台帐'!B:AL,31,0) | O29: =VLOOKUP(B29,'UV台帐'!B:AL,33,0) | P29: =VLOOKUP(B29,'UV台帐'!B:AL,35,0) | Q29: =VLOOKUP(B29,'UV台帐'!B:AL,36,0) | S29: 是 | T29: 否 | Y29: 高心怡04 | AA29: 李润 | AB29: 否 | AD29: 否 | AE29: 王丽 | AF29: =VLOOKUP(B29,'UV台帐'!B:G,6,0) | AG29: 16中实验 | AH29: 是 | AI29: 没问题 | AJ29: 孩子三科都很喜欢，也能够适应这个节奏，和家长说了孩子上课偶尔会走神，也希望老师可以多多监督 | AK29: 孩子三科都很喜欢，也能够适应这个节奏，和家长说了孩子上课偶尔会走神，也希望老师可以多多监督 | AL29: A | AM29: B | AN29: B | AO29: B | AP29: 得洗理念 英语：课堂纪律不好，成绩也不太好，家长忙 | AS29: =COUNTIFS(H29,"零期",I29,"在读")+COUNTIFS(L29,"零期",M29,"在读")+COUNTIFS(P29,"零期",Q29,"在读") | AT29: =AS29-AX29 | AU29: =VLOOKUP(B29,'UV台帐'!B:AL,19,0) | AV29: =VLOOKUP(B29,'UV台帐'!B:AL,28,0) | AW29: =VLOOKUP(B29,'UV台帐'!B:AL,37,0) | AX29: =COUNTIFS(H29,"零期",AU29,"是")+COUNTIFS(L29,"零期",AV29,"是")+COUNTIFS(P29,"零期",AW29,"是") | AZ29: 价格觉得贵；可能续费1科；数学自律性比较差，但是吸收情况很好；孩子很喜欢。家长也满意。
A30: 同创汇 | B30: 2531326234 | C30: =VLOOKUP(B30,'UV台帐'!B:AL,2,0) | D30: =VLOOKUP(B30,'UV台帐'!B:AL,3,0) | E30: =VLOOKUP(B30,'UV台帐'!B:AL,13,0) | F30: =VLOOKUP(B30,'UV台帐'!B:AL,15,0) | G30: =VLOOKUP(B30,'UV台帐'!B:AL,16,0) | H30: =VLOOKUP(B30,'UV台帐'!B:AL,17,0) | I30: =VLOOKUP(B30,'UV台帐'!B:AL,18,0) | J30: =VLOOKUP(B30,'UV台帐'!B:AL,22,0) | K30: =VLOOKUP(B30,'UV台帐'!B:AL,24,0) | L30: =VLOOKUP(B30,'UV台帐'!B:AL,26,0) | M30: =VLOOKUP(B30,'UV台帐'!B:AL,27,0) | N30: =VLOOKUP(B30,'UV台帐'!B:AL,31,0) | O30: =VLOOKUP(B30,'UV台帐'!B:AL,33,0) | P30: =VLOOKUP(B30,'UV台帐'!B:AL,35,0) | Q30: =VLOOKUP(B30,'UV台帐'!B:AL,36,0) | S30: 否 | T30: 否 | U30: 高心怡04 | Y30: 陈中帅 | AA30: 高心怡04 | AB30: 否 | AD30: 否 | AE30: 王丽 | AF30: =VLOOKUP(B30,'UV台帐'!B:G,6,0) | AG30: 育才 | AH30: 是 | AI30: 没问题 | AJ30: 未接，微信沟通孩子第一天不适应，语文调去二期了，第二天要好一些了，基础偏弱一些 | AK30: 未接，微信沟通孩子第一天不适应，语文调去二期了，第二天要好一些了，基础偏弱一些 | AL30: A | AM30: A | AO30: C | AP30: 数学英语：基础较弱，有进步 | AS30: =COUNTIFS(H30,"零期",I30,"在读")+COUNTIFS(L30,"零期",M30,"在读")+COUNTIFS(P30,"零期",Q30,"在读") | AT30: =AS30-AX30 | AU30: =VLOOKUP(B30,'UV台帐'!B:AL,19,0) | AV30: =VLOOKUP(B30,'UV台帐'!B:AL,28,0) | AW30: =VLOOKUP(B30,'UV台帐'!B:AL,37,0) | AX30: =COUNTIFS(H30,"零期",AU30,"是")+COUNTIFS(L30,"零期",AV30,"是")+COUNTIFS(P30,"零期",AW30,"是") | AZ30: 李卓成报名了，转介绍都报名了；英语16分，作文表述我不喜欢英语
A31: 同创汇 | B31: 2545862641 | C31: =VLOOKUP(B31,'UV台帐'!B:AL,2,0) | D31: =VLOOKUP(B31,'UV台帐'!B:AL,3,0) | E31: =VLOOKUP(B31,'UV台帐'!B:AL,13,0) | F31: =VLOOKUP(B31,'UV台帐'!B:AL,15,0) | G31: =VLOOKUP(B31,'UV台帐'!B:AL,16,0) | H31: =VLOOKUP(B31,'UV台帐'!B:AL,17,0) | I31: =VLOOKUP(B31,'UV台帐'!B:AL,18,0) | J31: =VLOOKUP(B31,'UV台帐'!B:AL,22,0) | K31: =VLOOKUP(B31,'UV台帐'!B:AL,24,0) | L31: =VLOOKUP(B31,'UV台帐'!B:AL,26,0) | M31: =VLOOKUP(B31,'UV台帐'!B:AL,27,0) | N31: =VLOOKUP(B31,'UV台帐'!B:AL,31,0) | O31: =VLOOKUP(B31,'UV台帐'!B:AL,33,0) | P31: =VLOOKUP(B31,'UV台帐'!B:AL,35,0) | Q31: =VLOOKUP(B31,'UV台帐'!B:AL,36,0) | S31: 是 | T31: 是 | W31: 刘希子 | AA31: 刘希子 | AB31: 否 | AC31: / | AD31: 否 | AE31: 王丽 | AF31: =VLOOKUP(B31,'UV台帐'!B:G,6,0) | AH31: 是 | AI31: 语数英8号10号这两讲调到1期上，学校有事情（第八讲、第十讲） | AJ31: 老生已经暑秋连报 | AK31: 老生已经暑秋连报 | AQ31: 是 | AS31: =COUNTIFS(H31,"零期",I31,"在读")+COUNTIFS(L31,"零期",M31,"在读")+COUNTIFS(P31,"零期",Q31,"在读") | AT31: =AS31-AX31 | AU31: =VLOOKUP(B31,'UV台帐'!B:AL,19,0) | AV31: =VLOOKUP(B31,'UV台帐'!B:AL,28,0) | AW31: =VLOOKUP(B31,'UV台帐'!B:AL,37,0) | AX31: =COUNTIFS(H31,"零期",AU31,"是")+COUNTIFS(L31,"零期",AV31,"是")+COUNTIFS(P31,"零期",AW31,"是")
A32: 新宝利 | B32: 2562153035 | C32: =VLOOKUP(B32,'UV台帐'!B:AL,2,0) | D32: =VLOOKUP(B32,'UV台帐'!B:AL,3,0) | E32: =VLOOKUP(B32,'UV台帐'!B:AL,13,0) | F32: =VLOOKUP(B32,'UV台帐'!B:AL,15,0) | G32: =VLOOKUP(B32,'UV台帐'!B:AL,16,0) | H32: =VLOOKUP(B32,'UV台帐'!B:AL,17,0) | I32: =VLOOKUP(B32,'UV台帐'!B:AL,18,0) | J32: =VLOOKUP(B32,'UV台帐'!B:AL,22,0) | K32: =VLOOKUP(B32,'UV台帐'!B:AL,24,0) | L32: =VLOOKUP(B32,'UV台帐'!B:AL,26,0) | M32: =VLOOKUP(B32,'UV台帐'!B:AL,27,0) | N32: =VLOOKUP(B32,'UV台帐'!B:AL,31,0) | O32: =VLOOKUP(B32,'UV台帐'!B:AL,33,0) | P32: =VLOOKUP(B32,'UV台帐'!B:AL,35,0) | Q32: =VLOOKUP(B32,'UV台帐'!B:AL,36,0) | S32: 是 | T32: 是 | Y32: 黄铭怡 | AA32: 黄铭怡 | AB32: 是 | AC32: 汪汪 | AD32: 是 | AE32: 林志豪01 | AF32: =VLOOKUP(B32,'UV台帐'!B:G,6,0) | AG32: 二中 | AH32: 是 | AJ32: 妈咪还没和孩子细聊，今天才正式上了第一节课，昨天请假了，回放看了， 今天掌握还行课前测作对了，孩子阅读是薄弱，希望能学到阅读的方法，分析长期学会好，在读学而思数学，中旅 | AK32: 妈咪还没和孩子细聊，今天才正式上了第一节课，昨天请假了，回放看了， 今天掌握还行课前测作对了，孩子阅读是薄弱，希望能学到阅读的方法，分析长期学会好，在读学而思数学，中旅 | AL32: A | AN32: A | AP32: 1、目前学而思在读数学，从4年级就在学而思了，有对比2、家长和孩子还是满意度比较高3、有主动问过价格+体系 | AS32: =COUNTIFS(H32,"零期",I32,"在读")+COUNTIFS(L32,"零期",M32,"在读")+COUNTIFS(P32,"零期",Q32,"在读") | AT32: =AS32-AX32 | AU32: =VLOOKUP(B32,'UV台帐'!B:AL,19,0) | AV32: =VLOOKUP(B32,'UV台帐'!B:AL,28,0) | AW32: =VLOOKUP(B32,'UV台帐'!B:AL,37,0) | AX32: =COUNTIFS(H32,"零期",AU32,"是")+COUNTIFS(L32,"零期",AV32,"是")+COUNTIFS(P32,"零期",AW32,"是") | AZ32: 妈妈到场，数学在进阶，先聊的单跟铭铭老师交流 关注孩子的学习效果，平时妈妈管学习
A33: 同创汇 | B33: 2564941289 | C33: =VLOOKUP(B33,'UV台帐'!B:AL,2,0) | D33: =VLOOKUP(B33,'UV台帐'!B:AL,3,0) | E33: =VLOOKUP(B33,'UV台帐'!B:AL,13,0) | F33: =VLOOKUP(B33,'UV台帐'!B:AL,15,0) | G33: =VLOOKUP(B33,'UV台帐'!B:AL,16,0) | H33: =VLOOKUP(B33,'UV台帐'!B:AL,17,0) | I33: =VLOOKUP(B33,'UV台帐'!B:AL,18,0) | J33: =VLOOKUP(B33,'UV台帐'!B:AL,22,0) | K33: =VLOOKUP(B33,'UV台帐'!B:AL,24,0) | L33: =VLOOKUP(B33,'UV台帐'!B:AL,26,0) | M33: =VLOOKUP(B33,'UV台帐'!B:AL,27,0) | N33: =VLOOKUP(B33,'UV台帐'!B:AL,31,0) | O33: =VLOOKUP(B33,'UV台帐'!B:AL,33,0) | P33: =VLOOKUP(B33,'UV台帐'!B:AL,35,0) | Q33: =VLOOKUP(B33,'UV台帐'!B:AL,36,0) | S33: 否 | T33: 否 | U33: 高心怡04 | AA33: 高心怡04 | AB33: 否 | AD33: 否 | AE33: 王丽 | AF33: =VLOOKUP(B33,'UV台帐'!B:G,6,0) | AG33: 16中 | AH33: 是 | AI33: 29号领取通知书，不知道能不能带领。10号毕业典礼他要去学校。都是上午去学校，如果调课的话需要调到2期8月的时候 | AJ33: 觉得挺好的，孩子适应的快。英语有在其他机构补，如果上的好会转过来学 | AK33: 觉得挺好的，孩子适应的快。英语有在其他机构补，如果上的好会转过来学 | AL33: A | AO33: A | AP33: 英语：写作业不够认真，感觉难度比较适应 | AQ33: 是 | AS33: =COUNTIFS(H33,"零期",I33,"在读")+COUNTIFS(L33,"零期",M33,"在读")+COUNTIFS(P33,"零期",Q33,"在读") | AT33: =AS33-AX33 | AU33: =VLOOKUP(B33,'UV台帐'!B:AL,19,0) | AV33: =VLOOKUP(B33,'UV台帐'!B:AL,28,0) | AW33: =VLOOKUP(B33,'UV台帐'!B:AL,37,0) | AX33: =COUNTIFS(H33,"零期",AU33,"是")+COUNTIFS(L33,"零期",AV33,"是")+COUNTIFS(P33,"零期",AW33,"是") | AZ33: 英语等听完课程再报；在星火在读，那边的课程难度较大，跟不上。
A34: 同创汇 | B34: 2566532002 | C34: =VLOOKUP(B34,'UV台帐'!B:AL,2,0) | D34: =VLOOKUP(B34,'UV台帐'!B:AL,3,0) | E34: =VLOOKUP(B34,'UV台帐'!B:AL,13,0) | F34: =VLOOKUP(B34,'UV台帐'!B:AL,15,0) | G34: =VLOOKUP(B34,'UV台帐'!B:AL,16,0) | H34: =VLOOKUP(B34,'UV台帐'!B:AL,17,0) | I34: =VLOOKUP(B34,'UV台帐'!B:AL,18,0) | J34: =VLOOKUP(B34,'UV台帐'!B:AL,22,0) | K34: =VLOOKUP(B34,'UV台帐'!B:AL,24,0) | L34: =VLOOKUP(B34,'UV台帐'!B:AL,26,0) | M34: =VLOOKUP(B34,'UV台帐'!B:AL,27,0) | N34: =VLOOKUP(B34,'UV台帐'!B:AL,31,0) | O34: =VLOOKUP(B34,'UV台帐'!B:AL,33,0) | P34: =VLOOKUP(B34,'UV台帐'!B:AL,35,0) | Q34: =VLOOKUP(B34,'UV台帐'!B:AL,36,0) | S34: 否 | T34: 否 | AA34: 陈南05 | AB34: 不确定 | AC34: 张敏烨 | AD34: 否 | AE34: 张敏烨 | AF34: =VLOOKUP(B34,'UV台帐'!B:G,6,0) | AG34: 三中 | AH34: 是 | AI34: 6.29返校 | AJ34: 摇号三中，比较关注数学和英语科目，平时比较忙群信息看的不多，想让孩子分班去到重点班，之前一直上的1对1家教课，孩子觉得上课比较有意思，更加倾向于班课氛围，上完暑假课计划让孩子 休息下，希望老师能增强孩子的自信心 | AK34: 摇号三中，比较关注数学和英语科目，平时比较忙群信息看的不多，想让孩子分班去到重点班，之前一直上的1对1家教课，孩子觉得上课比较有意思，更加倾向于班课氛围，上完暑假课计划让孩子 休息下，希望老师能增强孩子的自信心 | AL34: A | AM34: A | AN34: A | AO34: C | AP34: 数学孩子吸收挺好的，但是妈妈没有明确后续继续学的学法，语文上课还行，但是妈妈比较关注数学和英语科目 | AQ34: 是 | AR34: 满意度回访家长觉得距离太远，不方便接送，还在考虑 | AS34: =COUNTIFS(H34,"零期",I34,"在读")+COUNTIFS(L34,"零期",M34,"在读")+COUNTIFS(P34,"零期",Q34,"在读") | AT34: =AS34-AX34 | AU34: =VLOOKUP(B34,'UV台帐'!B:AL,19,0) | AV34: =VLOOKUP(B34,'UV台帐'!B:AL,28,0) | AW34: =VLOOKUP(B34,'UV台帐'!B:AL,37,0) | AX34: =COUNTIFS(H34,"零期",AU34,"是")+COUNTIFS(L34,"零期",AV34,"是")+COUNTIFS(P34,"零期",AW34,"是") | AZ34: 7.5号回访，家长想报数学和英语科目，但是要对下美术课时间，秋季要去新宝利校区上，想要多点收心课
A35: 新宝利 | B35: 2572765383 | C35: =VLOOKUP(B35,'UV台帐'!B:AL,2,0) | D35: =VLOOKUP(B35,'UV台帐'!B:AL,3,0) | E35: =VLOOKUP(B35,'UV台帐'!B:AL,13,0) | F35: =VLOOKUP(B35,'UV台帐'!B:AL,15,0) | G35: =VLOOKUP(B35,'UV台帐'!B:AL,16,0) | H35: =VLOOKUP(B35,'UV台帐'!B:AL,17,0) | I35: =VLOOKUP(B35,'UV台帐'!B:AL,18,0) | J35: =VLOOKUP(B35,'UV台帐'!B:AL,22,0) | K35: =VLOOKUP(B35,'UV台帐'!B:AL,24,0) | L35: =VLOOKUP(B35,'UV台帐'!B:AL,26,0) | M35: =VLOOKUP(B35,'UV台帐'!B:AL,27,0) | N35: =VLOOKUP(B35,'UV台帐'!B:AL,31,0) | O35: =VLOOKUP(B35,'UV台帐'!B:AL,33,0) | P35: =VLOOKUP(B35,'UV台帐'!B:AL,35,0) | Q35: =VLOOKUP(B35,'UV台帐'!B:AL,36,0) | S35: 是 | T35: 否 | Y35: 肖锐03 | AA35: 肖锐03 | AB35: 否 | AD35: 否 | AE35: 林志豪01 | AF35: =VLOOKUP(B35,'UV台帐'!B:G,6,0) | AG35: 三中 | AH35: 是 | AJ35: 1反馈想调下一期，告知最好不要调课，孩子状态刚起来，且知识点前后差了2周，有在别的机构学数学英语，数学在晚上18点，秋季也是 | AK35: 1反馈想调下一期，告知最好不要调课，孩子状态刚起来，且知识点前后差了2周，有在别的机构学数学英语，数学在晚上18点，秋季也是 | AL35: A | AO35: A | AP35: 1、在别的机构有补课，目前知道周六18点有课，不能冲突2、但是妈咪想要给孩子提升，英语是薄弱科目想安排线下，有主动问过秋季3、回访中对老师认可度可以，但是觉得缺课比较担心掌握不了 | AS35: =COUNTIFS(H35,"零期",I35,"在读")+COUNTIFS(L35,"零期",M35,"在读")+COUNTIFS(P35,"零期",Q35,"在读") | AT35: =AS35-AX35 | AU35: =VLOOKUP(B35,'UV台帐'!B:AL,19,0) | AV35: =VLOOKUP(B35,'UV台帐'!B:AL,28,0) | AW35: =VLOOKUP(B35,'UV台帐'!B:AL,37,0) | AX35: =COUNTIFS(H35,"零期",AU35,"是")+COUNTIFS(L35,"零期",AV35,"是")+COUNTIFS(P35,"零期",AW35,"是")
A36: 同创汇 | B36: 2577448328 | C36: =VLOOKUP(B36,'UV台帐'!B:AL,2,0) | D36: =VLOOKUP(B36,'UV台帐'!B:AL,3,0) | E36: =VLOOKUP(B36,'UV台帐'!B:AL,13,0) | F36: =VLOOKUP(B36,'UV台帐'!B:AL,15,0) | G36: =VLOOKUP(B36,'UV台帐'!B:AL,16,0) | H36: =VLOOKUP(B36,'UV台帐'!B:AL,17,0) | I36: =VLOOKUP(B36,'UV台帐'!B:AL,18,0) | J36: =VLOOKUP(B36,'UV台帐'!B:AL,22,0) | K36: =VLOOKUP(B36,'UV台帐'!B:AL,24,0) | L36: =VLOOKUP(B36,'UV台帐'!B:AL,26,0) | M36: =VLOOKUP(B36,'UV台帐'!B:AL,27,0) | N36: =VLOOKUP(B36,'UV台帐'!B:AL,31,0) | O36: =VLOOKUP(B36,'UV台帐'!B:AL,33,0) | P36: =VLOOKUP(B36,'UV台帐'!B:AL,35,0) | Q36: =VLOOKUP(B36,'UV台帐'!B:AL,36,0) | S36: 是 | T36: 是 | U36: 高心怡04 | Y36: 李润 | AA36: 陈中帅 | AB36: 否 | AC36: 林志豪 | AD36: 人在四川 | AE36: 林志豪01 | AF36: =VLOOKUP(B36,'UV台帐'!B:G,6,0) | AG36: 培文民办学校重点班 | AH36: 是 | AJ36: 孩子成绩不错，三科老师反馈的很好，让孩子紧接老师的节奏学习，多帮我严格捉捉，怕他松散，住西村，危险点第一距离，第二孩子到时候白云培文重点班住宿，平时远+不能用手机 | AK36: 孩子成绩不错，三科老师反馈的很好，让孩子紧接老师的节奏学习，多帮我严格捉捉，怕他松散，住西村，危险点第一距离，第二孩子到时候白云培文重点班住宿，平时远+不能用手机 | AL36: A | AM36: A | AN36: A | AO36: A | AP36: 住西村，危险点第一距离，第二孩子到时候白云培文重点班住宿，存在可能周六有课的情况加餐，但是满意度挺高孩子和家长 | AQ36: 是 | AS36: =COUNTIFS(H36,"零期",I36,"在读")+COUNTIFS(L36,"零期",M36,"在读")+COUNTIFS(P36,"零期",Q36,"在读") | AT36: =AS36-AX36 | AU36: =VLOOKUP(B36,'UV台帐'!B:AL,19,0) | AV36: =VLOOKUP(B36,'UV台帐'!B:AL,28,0) | AW36: =VLOOKUP(B36,'UV台帐'!B:AL,37,0) | AX36: =COUNTIFS(H36,"零期",AU36,"是")+COUNTIFS(L36,"零期",AV36,"是")+COUNTIFS(P36,"零期",AW36,"是") | AZ36: ①分班不知道A/B；A周六要补课：②距离问题。不是启能班，可以考虑周日
A37: 新宝利 | B37: 2577771687 | C37: =VLOOKUP(B37,'UV台帐'!B:AL,2,0) | D37: =VLOOKUP(B37,'UV台帐'!B:AL,3,0) | E37: =VLOOKUP(B37,'UV台帐'!B:AL,13,0) | F37: =VLOOKUP(B37,'UV台帐'!B:AL,15,0) | G37: =VLOOKUP(B37,'UV台帐'!B:AL,16,0) | H37: =VLOOKUP(B37,'UV台帐'!B:AL,17,0) | I37: =VLOOKUP(B37,'UV台帐'!B:AL,18,0) | J37: =VLOOKUP(B37,'UV台帐'!B:AL,22,0) | K37: =VLOOKUP(B37,'UV台帐'!B:AL,24,0) | L37: =VLOOKUP(B37,'UV台帐'!B:AL,26,0) | M37: =VLOOKUP(B37,'UV台帐'!B:AL,27,0) | N37: =VLOOKUP(B37,'UV台帐'!B:AL,31,0) | O37: =VLOOKUP(B37,'UV台帐'!B:AL,33,0) | P37: =VLOOKUP(B37,'UV台帐'!B:AL,35,0) | Q37: =VLOOKUP(B37,'UV台帐'!B:AL,36,0) | S37: 是 | T37: 是 | AA37: 肖锐03 | AB37: 是 | AC37: 已转化 | AD37: 是 | AE37: 林志豪01 | AF37: =VLOOKUP(B37,'UV台帐'!B:G,6,0) | AH37: 是 | AJ37: 不打了，已转化了三科 | AK37: 不打了，已转化了三科 | AP37: 不打了，已转化了三科 | AQ37: 是 | AS37: =COUNTIFS(H37,"零期",I37,"在读")+COUNTIFS(L37,"零期",M37,"在读")+COUNTIFS(P37,"零期",Q37,"在读") | AT37: =AS37-AX37 | AU37: =VLOOKUP(B37,'UV台帐'!B:AL,19,0) | AV37: =VLOOKUP(B37,'UV台帐'!B:AL,28,0) | AW37: =VLOOKUP(B37,'UV台帐'!B:AL,37,0) | AX37: =COUNTIFS(H37,"零期",AU37,"是")+COUNTIFS(L37,"零期",AV37,"是")+COUNTIFS(P37,"零期",AW37,"是") | AZ37: 已转化
A38: 新宝利 | B38: 2578142359 | C38: =VLOOKUP(B38,'UV台帐'!B:AL,2,0) | D38: =VLOOKUP(B38,'UV台帐'!B:AL,3,0) | E38: =VLOOKUP(B38,'UV台帐'!B:AL,13,0) | F38: =VLOOKUP(B38,'UV台帐'!B:AL,15,0) | G38: =VLOOKUP(B38,'UV台帐'!B:AL,16,0) | H38: =VLOOKUP(B38,'UV台帐'!B:AL,17,0) | I38: =VLOOKUP(B38,'UV台帐'!B:AL,18,0) | J38: =VLOOKUP(B38,'UV台帐'!B:AL,22,0) | K38: =VLOOKUP(B38,'UV台帐'!B:AL,24,0) | L38: =VLOOKUP(B38,'UV台帐'!B:AL,26,0) | M38: =VLOOKUP(B38,'UV台帐'!B:AL,27,0) | N38: =VLOOKUP(B38,'UV台帐'!B:AL,31,0) | O38: =VLOOKUP(B38,'UV台帐'!B:AL,33,0) | P38: =VLOOKUP(B38,'UV台帐'!B:AL,35,0) | Q38: =VLOOKUP(B38,'UV台帐'!B:AL,36,0) | S38: 否 | T38: 否 | AA38: 黄铭怡 | AB38: 不确定 | AD38: 否 | AE38: 杨林33 | AF38: =VLOOKUP(B38,'UV台帐'!B:G,6,0) | AG38: 荔广实验 | AH38: 是 | AI38: 7.10日毕业典礼，语文会冲突，需要调 | AJ38: 孩子反馈都喜欢，妈妈选择民办省事，无长期学习的意愿度，家长不愿意过多聊，沟通了9分钟，初一不打算补课。 | AK38: 孩子反馈都喜欢，妈妈选择民办省事，无长期学习的意愿度，家长不愿意过多聊，沟通了9分钟，初一不打算补课。 | AL38: B | AM38: B | AN38: B | AO38: B | AP38: 卡点在于妈妈的补习认知，觉得把孩子丢在民办，学校老师就能解决大部分学习问题，而且初一内容简单，孩子不需要额外的补习 | AQ38: 是 | AS38: =COUNTIFS(H38,"零期",I38,"在读")+COUNTIFS(L38,"零期",M38,"在读")+COUNTIFS(P38,"零期",Q38,"在读") | AT38: =AS38-AX38 | AU38: =VLOOKUP(B38,'UV台帐'!B:AL,19,0) | AV38: =VLOOKUP(B38,'UV台帐'!B:AL,28,0) | AW38: =VLOOKUP(B38,'UV台帐'!B:AL,37,0) | AX38: =COUNTIFS(H38,"零期",AU38,"是")+COUNTIFS(L38,"零期",AV38,"是")+COUNTIFS(P38,"零期",AW38,"是")
A39: 同创汇 | B39: 2578637555 | C39: =VLOOKUP(B39,'UV台帐'!B:AL,2,0) | D39: =VLOOKUP(B39,'UV台帐'!B:AL,3,0) | E39: =VLOOKUP(B39,'UV台帐'!B:AL,13,0) | F39: =VLOOKUP(B39,'UV台帐'!B:AL,15,0) | G39: =VLOOKUP(B39,'UV台帐'!B:AL,16,0) | H39: =VLOOKUP(B39,'UV台帐'!B:AL,17,0) | I39: =VLOOKUP(B39,'UV台帐'!B:AL,18,0) | J39: =VLOOKUP(B39,'UV台帐'!B:AL,22,0) | K39: =VLOOKUP(B39,'UV台帐'!B:AL,24,0) | L39: =VLOOKUP(B39,'UV台帐'!B:AL,26,0) | M39: =VLOOKUP(B39,'UV台帐'!B:AL,27,0) | N39: =VLOOKUP(B39,'UV台帐'!B:AL,31,0) | O39: =VLOOKUP(B39,'UV台帐'!B:AL,33,0) | P39: =VLOOKUP(B39,'UV台帐'!B:AL,35,0) | Q39: =VLOOKUP(B39,'UV台帐'!B:AL,36,0) | S39: 是 | T39: 是 | W39: 高心怡04 | AA39: 高心怡04 | AB39: 是 | AC39: 林志豪 | AD39: 是 | AE39: 林志豪01 | AF39: =VLOOKUP(B39,'UV台帐'!B:G,6,0) | AG39: 97中 | AH39: 是 | AJ39: 目前觉得三个老师都不错的，秋季续报了数学，其他科目看情况，孩子最薄弱数学，语文英语还行且经济有一定压力，孩子偏内向慢热，希望老师多多关注鼓励表扬融入课堂中 | AK39: 目前觉得三个老师都不错的，秋季续报了数学，其他科目看情况，孩子最薄弱数学，语文英语还行且经济有一定压力，孩子偏内向慢热，希望老师多多关注鼓励表扬融入课堂中 | AL39: S | AM39: S | AN39: A | AO39: B | AP39: 秋季续报了数学，满意度高三科老师，所以有转化可能，但实际家长经济客观因素比较有难度，需要有很好的规划 | AQ39: 是 | AS39: =COUNTIFS(H39,"零期",I39,"在读")+COUNTIFS(L39,"零期",M39,"在读")+COUNTIFS(P39,"零期",Q39,"在读") | AT39: =AS39-AX39 | AU39: =VLOOKUP(B39,'UV台帐'!B:AL,19,0) | AV39: =VLOOKUP(B39,'UV台帐'!B:AL,28,0) | AW39: =VLOOKUP(B39,'UV台帐'!B:AL,37,0) | AX39: =COUNTIFS(H39,"零期",AU39,"是")+COUNTIFS(L39,"零期",AV39,"是")+COUNTIFS(P39,"零期",AW39,"是") | AZ39: 排课问题。家长表示没办法那么早到，目前数学已报名科目还得要沟通新宝利，大概率语文+数学
A40: 同创汇 | B40: 2581075620 | C40: =VLOOKUP(B40,'UV台帐'!B:AL,2,0) | D40: =VLOOKUP(B40,'UV台帐'!B:AL,3,0) | E40: =VLOOKUP(B40,'UV台帐'!B:AL,13,0) | F40: =VLOOKUP(B40,'UV台帐'!B:AL,15,0) | G40: =VLOOKUP(B40,'UV台帐'!B:AL,16,0) | H40: =VLOOKUP(B40,'UV台帐'!B:AL,17,0) | I40: =VLOOKUP(B40,'UV台帐'!B:AL,18,0) | J40: =VLOOKUP(B40,'UV台帐'!B:AL,22,0) | K40: =VLOOKUP(B40,'UV台帐'!B:AL,24,0) | L40: =VLOOKUP(B40,'UV台帐'!B:AL,26,0) | M40: =VLOOKUP(B40,'UV台帐'!B:AL,27,0) | N40: =VLOOKUP(B40,'UV台帐'!B:AL,31,0) | O40: =VLOOKUP(B40,'UV台帐'!B:AL,33,0) | P40: =VLOOKUP(B40,'UV台帐'!B:AL,35,0) | Q40: =VLOOKUP(B40,'UV台帐'!B:AL,36,0) | S40: 否 | T40: 否 | AA40: 田雨涵01 | AB40: 否 | AD40: 否 | AE40: 王丽 | AF40: =VLOOKUP(B40,'UV台帐'!B:G,6,0) | AH40: 是 | AI40: 1号 2号 10号学校有事，也和家长提了开回放（第三、第四、第十讲） | AJ40: 孩子妈妈这周不在广州，孩子上课和老师的互动比较少，不太愿意跟老师交流，妈妈说回去也会跟孩子沟通下，希望后面可以有所改善，后续主要看孩子愿不愿意学 | AK40: 孩子妈妈这周不在广州，孩子上课和老师的互动比较少，不太愿意跟老师交流，妈妈说回去也会跟孩子沟通下，希望后面可以有所改善，后续主要看孩子愿不愿意学 | AL40: C | AM40: C | AP40: 吸收的可以，孩子很内向，沟通很费劲，课前测都不给老师 | AS40: =COUNTIFS(H40,"零期",I40,"在读")+COUNTIFS(L40,"零期",M40,"在读")+COUNTIFS(P40,"零期",Q40,"在读") | AT40: =AS40-AX40 | AU40: =VLOOKUP(B40,'UV台帐'!B:AL,19,0) | AV40: =VLOOKUP(B40,'UV台帐'!B:AL,28,0) | AW40: =VLOOKUP(B40,'UV台帐'!B:AL,37,0) | AX40: =COUNTIFS(H40,"零期",AU40,"是")+COUNTIFS(L40,"零期",AV40,"是")+COUNTIFS(P40,"零期",AW40,"是") | AZ40: 没有机会面对面沟通；课堂完全不沟通。孩子非常不自信，爸爸也不愿意沟通。
A41: 新宝利 | B41: 2583024622 | C41: =VLOOKUP(B41,'UV台帐'!B:AL,2,0) | D41: =VLOOKUP(B41,'UV台帐'!B:AL,3,0) | E41: =VLOOKUP(B41,'UV台帐'!B:AL,13,0) | F41: =VLOOKUP(B41,'UV台帐'!B:AL,15,0) | G41: =VLOOKUP(B41,'UV台帐'!B:AL,16,0) | H41: =VLOOKUP(B41,'UV台帐'!B:AL,17,0) | I41: =VLOOKUP(B41,'UV台帐'!B:AL,18,0) | J41: =VLOOKUP(B41,'UV台帐'!B:AL,22,0) | K41: =VLOOKUP(B41,'UV台帐'!B:AL,24,0) | L41: =VLOOKUP(B41,'UV台帐'!B:AL,26,0) | M41: =VLOOKUP(B41,'UV台帐'!B:AL,27,0) | N41: =VLOOKUP(B41,'UV台帐'!B:AL,31,0) | O41: =VLOOKUP(B41,'UV台帐'!B:AL,33,0) | P41: =VLOOKUP(B41,'UV台帐'!B:AL,35,0) | Q41: =VLOOKUP(B41,'UV台帐'!B:AL,36,0) | S41: 是 | T41: 是 | U41: 黄铭怡 | W41: 刘希子 | AA41: 陈中帅 | AB41: 不确定 | AD41: 否 | AE41: 沈思浩 | AF41: =VLOOKUP(B41,'UV台帐'!B:G,6,0) | AG41: 石榴妹 | AH41: 是 | AI41: 需要调整上课时间 | AJ41: 孩子之前的英语有上外教和拓展拔高的课程，家长说这些英语课的老师讲解很多校外的东西，让孩子非常感兴趣，配合度和精神也是高度集中的，但是上咱们这边的英语课，老师说孩子上课不配合神游，不给上课反应。我去回访家长时，家长说孩子第二节课回到家就要求将英语退费，家长说今天六月三十号来过校区跟每个主讲细聊，家长说跟老师接触后就意识到孩子可能不太适合这个老师，孩子本身发言是不多的，家长说如果老师讲解得足够有趣那孩子自然会配合，当然这个课程因为是讲解校内的词汇，所以孩子觉得无聊其实也正常，目前家长是要求换老师，但是因为要求数学和语文还是原来的老师来带，因为新宝利和同创汇的时间都不好调整，目前家长还在跟孩子沟通，晚点给反馈 | AK41: 孩子之前的英语有上外教和拓展拔高的课程，家长说这些英语课的老师讲解很多校外的东西，让孩子非常感兴趣，配合度和精神也是高度集中的，但是上咱们这边的英语课，老师说孩子上课不配合神游，不给上课反应。我去回访家长时，家长说孩子第二节课回到家就要求将英语退费，家长说今天六月三十号来过校区跟每个主讲细聊，家长说跟老师接触后就意识到孩子可能不太适合这个老师，孩子本身发言是不多的，家长说如果老师讲解得足够有趣那孩子自然会配合，当然这个课程因为是讲解校内的词汇，所以孩子觉得无聊其实也正常，目前家长是要求换老师，但是因为要求数学和语文还是原来的老师来带，因为新宝利和同创汇的时间都不好调整，目前家长还在跟孩子沟通，晚点给反馈 | AL41: A | AM41: A | AN41: A | AO41: A | AP41: 家长觉得语文数学老师是都非常好，觉得老师认真负责很认可，主要是英语方面家长很不理解，家长在电话里跟我泄愤了三十分钟，现在换了老师还想再观望一下 对于产品体系方面觉得课程有点太简单了，家长说想看学校的进度能否和我们拉齐 | AS41: =COUNTIFS(H41,"零期",I41,"在读")+COUNTIFS(L41,"零期",M41,"在读")+COUNTIFS(P41,"零期",Q41,"在读") | AT41: =AS41-AX41 | AU41: =VLOOKUP(B41,'UV台帐'!B:AL,19,0) | AV41: =VLOOKUP(B41,'UV台帐'!B:AL,28,0) | AW41: =VLOOKUP(B41,'UV台帐'!B:AL,37,0) | AX41: =COUNTIFS(H41,"零期",AU41,"是")+COUNTIFS(L41,"零期",AV41,"是")+COUNTIFS(P41,"零期",AW41,"是")
A42: 同创汇 | B42: 2596648105 | C42: =VLOOKUP(B42,'UV台帐'!B:AL,2,0) | D42: =VLOOKUP(B42,'UV台帐'!B:AL,3,0) | E42: =VLOOKUP(B42,'UV台帐'!B:AL,13,0) | F42: =VLOOKUP(B42,'UV台帐'!B:AL,15,0) | G42: =VLOOKUP(B42,'UV台帐'!B:AL,16,0) | H42: =VLOOKUP(B42,'UV台帐'!B:AL,17,0) | I42: =VLOOKUP(B42,'UV台帐'!B:AL,18,0) | J42: =VLOOKUP(B42,'UV台帐'!B:AL,22,0) | K42: =VLOOKUP(B42,'UV台帐'!B:AL,24,0) | L42: =VLOOKUP(B42,'UV台帐'!B:AL,26,0) | M42: =VLOOKUP(B42,'UV台帐'!B:AL,27,0) | N42: =VLOOKUP(B42,'UV台帐'!B:AL,31,0) | O42: =VLOOKUP(B42,'UV台帐'!B:AL,33,0) | P42: =VLOOKUP(B42,'UV台帐'!B:AL,35,0) | Q42: =VLOOKUP(B42,'UV台帐'!B:AL,36,0) | S42: 是 | T42: 是 | Y42: 高心怡04 | AA42: 高心怡04 | AB42: 是 | AC42: 朱悦涵 | AD42: 是 | AE42: 王丽 | AF42: =VLOOKUP(B42,'UV台帐'!B:G,6,0) | AH42: 是 | AI42: 没问题 | AJ42: 今天下午回学校，语文英语都请假了 | AK42: 今天下午回学校，语文英语都请假了 | AL42: A | AN42: A | AP42: 和孩子熟悉度有增加，之前有问过秋季的安排 | AS42: =COUNTIFS(H42,"零期",I42,"在读")+COUNTIFS(L42,"零期",M42,"在读")+COUNTIFS(P42,"零期",Q42,"在读") | AT42: =AS42-AX42 | AU42: =VLOOKUP(B42,'UV台帐'!B:AL,19,0) | AV42: =VLOOKUP(B42,'UV台帐'!B:AL,28,0) | AW42: =VLOOKUP(B42,'UV台帐'!B:AL,37,0) | AX42: =COUNTIFS(H42,"零期",AU42,"是")+COUNTIFS(L42,"零期",AV42,"是")+COUNTIFS(P42,"零期",AW42,"是") | AZ42: 说和孩子最近没有怎么聊语文学习的情况，今天也没有见到老师本人，要回家和孩子商量，后面再线上和l老师沟通。
A43: 新宝利 | B43: 2658073609 | C43: =VLOOKUP(B43,'UV台帐'!B:AL,2,0) | D43: =VLOOKUP(B43,'UV台帐'!B:AL,3,0) | E43: =VLOOKUP(B43,'UV台帐'!B:AL,13,0) | F43: =VLOOKUP(B43,'UV台帐'!B:AL,15,0) | G43: =VLOOKUP(B43,'UV台帐'!B:AL,16,0) | H43: =VLOOKUP(B43,'UV台帐'!B:AL,17,0) | I43: =VLOOKUP(B43,'UV台帐'!B:AL,18,0) | J43: =VLOOKUP(B43,'UV台帐'!B:AL,22,0) | K43: =VLOOKUP(B43,'UV台帐'!B:AL,24,0) | L43: =VLOOKUP(B43,'UV台帐'!B:AL,26,0) | M43: =VLOOKUP(B43,'UV台帐'!B:AL,27,0) | N43: =VLOOKUP(B43,'UV台帐'!B:AL,31,0) | O43: =VLOOKUP(B43,'UV台帐'!B:AL,33,0) | P43: =VLOOKUP(B43,'UV台帐'!B:AL,35,0) | Q43: =VLOOKUP(B43,'UV台帐'!B:AL,36,0) | S43: 是 | T43: 是 | W43: 田雨涵01 | Y43: 李润 | AA43: 田雨涵01 | AB43: 是 | AC43: 刘晨 | AD43: 是 | AE43: 张敏烨 | AF43: =VLOOKUP(B43,'UV台帐'!B:G,6,0) | AG43: 白云广园直升 | AH43: 是 | AI43: 拒接，已留言 | AJ43: 聊了14分钟住小北路这边，之前有补过英语，主要学单词，数学会有些吃力，因为四五年级数学校内换老师导致基础落下，希望老师关注下语法和数学方面，目前有在读英语机构，计划8月接着在那边上英语，对于语文课感受非常好，孩子比较挑老师，很喜欢语文老师，讲的也很细致，讲着讲着说有个家长想了解暑假课要给她打电话就挂了 | AK43: 聊了14分钟住小北路这边，之前有补过英语，主要学单词，数学会有些吃力，因为四五年级数学校内换老师导致基础落下，希望老师关注下语法和数学方面，目前有在读英语机构，计划8月接着在那边上英语，对于语文课感受非常好，孩子比较挑老师，很喜欢语文老师，讲的也很细致，讲着讲着说有个家长想了解暑假课要给她打电话就挂了 | AL43: A | AM43: C | AN43: A | AO43: S | AP43: 孩子和数学老师契合度不错，语文感受也不错，英语听课认真积极，单词背不下来，语法很弱，卡点是距离问题以及有英语在读机构，要做对比 | AQ43: 是 | AR43: 觉得价格偏贵 | AS43: =COUNTIFS(H43,"零期",I43,"在读")+COUNTIFS(L43,"零期",M43,"在读")+COUNTIFS(P43,"零期",Q43,"在读") | AT43: =AS43-AX43 | AU43: =VLOOKUP(B43,'UV台帐'!B:AL,19,0) | AV43: =VLOOKUP(B43,'UV台帐'!B:AL,28,0) | AW43: =VLOOKUP(B43,'UV台帐'!B:AL,37,0) | AX43: =COUNTIFS(H43,"零期",AU43,"是")+COUNTIFS(L43,"零期",AV43,"是")+COUNTIFS(P43,"零期",AW43,"是") | AZ43: 7.5晚上电联家长说报数学，因为数学最弱，英语和语文也很喜欢但是妈妈是无业游民没钱，交钱是爸爸给钱，等爸爸出钱
A44: 新宝利 | B44: 2716091722 | C44: =VLOOKUP(B44,'UV台帐'!B:AL,2,0) | D44: =VLOOKUP(B44,'UV台帐'!B:AL,3,0) | E44: =VLOOKUP(B44,'UV台帐'!B:AL,13,0) | F44: =VLOOKUP(B44,'UV台帐'!B:AL,15,0) | G44: =VLOOKUP(B44,'UV台帐'!B:AL,16,0) | H44: =VLOOKUP(B44,'UV台帐'!B:AL,17,0) | I44: =VLOOKUP(B44,'UV台帐'!B:AL,18,0) | J44: =VLOOKUP(B44,'UV台帐'!B:AL,22,0) | K44: =VLOOKUP(B44,'UV台帐'!B:AL,24,0) | L44: =VLOOKUP(B44,'UV台帐'!B:AL,26,0) | M44: =VLOOKUP(B44,'UV台帐'!B:AL,27,0) | N44: =VLOOKUP(B44,'UV台帐'!B:AL,31,0) | O44: =VLOOKUP(B44,'UV台帐'!B:AL,33,0) | P44: =VLOOKUP(B44,'UV台帐'!B:AL,35,0) | Q44: =VLOOKUP(B44,'UV台帐'!B:AL,36,0) | S44: 是 | T44: 否 | Y44: 家长不让打电话 | AA44: 李润 | AB44: 是 | AD44: 是 | AE44: 林志豪01 | AF44: =VLOOKUP(B44,'UV台帐'!B:G,6,0) | AG44: 侨中 | AH44: 是 | AI44: 29号返校需要补课 | AJ44: 目前直接报了英语秋季，家长告知是我们线上用户，目前孩子觉得三科老师英语感受最好，三科秋季经济压力还是有的，会考虑线下+线上三科的安排，铺垫过线上的话效果问题，妈咪说老师知道，三科钱压力大 | AK44: 目前直接报了英语秋季，家长告知是我们线上用户，目前孩子觉得三科老师英语感受最好，三科秋季经济压力还是有的，会考虑线下+线上三科的安排，铺垫过线上的话效果问题，妈咪说老师知道，三科钱压力大 | AL44: A | AM44: A | AN44: B | AO44: S | AP44: 目前直接报了英语秋季，家长告知是我们线上用户，目前孩子觉得三科老师英语感受最好，三科秋季经济压力还是有的，会考虑线下+线上三科的安排，铺垫过线上的话效果问题，妈咪说老师知道，三科钱压力大 | AS44: =COUNTIFS(H44,"零期",I44,"在读")+COUNTIFS(L44,"零期",M44,"在读")+COUNTIFS(P44,"零期",Q44,"在读") | AT44: =AS44-AX44 | AU44: =VLOOKUP(B44,'UV台帐'!B:AL,19,0) | AV44: =VLOOKUP(B44,'UV台帐'!B:AL,28,0) | AW44: =VLOOKUP(B44,'UV台帐'!B:AL,37,0) | AX44: =COUNTIFS(H44,"零期",AU44,"是")+COUNTIFS(L44,"零期",AV44,"是")+COUNTIFS(P44,"零期",AW44,"是") | AZ44: 英语已经报过秋季，数学认可老师，商量数学，重点讲本地化
A45: 同创汇 | B45: 2717337139 | C45: =VLOOKUP(B45,'UV台帐'!B:AL,2,0) | D45: =VLOOKUP(B45,'UV台帐'!B:AL,3,0) | E45: =VLOOKUP(B45,'UV台帐'!B:AL,13,0) | F45: =VLOOKUP(B45,'UV台帐'!B:AL,15,0) | G45: =VLOOKUP(B45,'UV台帐'!B:AL,16,0) | H45: =VLOOKUP(B45,'UV台帐'!B:AL,17,0) | I45: =VLOOKUP(B45,'UV台帐'!B:AL,18,0) | J45: =VLOOKUP(B45,'UV台帐'!B:AL,22,0) | K45: =VLOOKUP(B45,'UV台帐'!B:AL,24,0) | L45: =VLOOKUP(B45,'UV台帐'!B:AL,26,0) | M45: =VLOOKUP(B45,'UV台帐'!B:AL,27,0) | N45: =VLOOKUP(B45,'UV台帐'!B:AL,31,0) | O45: =VLOOKUP(B45,'UV台帐'!B:AL,33,0) | P45: =VLOOKUP(B45,'UV台帐'!B:AL,35,0) | Q45: =VLOOKUP(B45,'UV台帐'!B:AL,36,0) | S45: 是 | T45: 是 | U45: 黄铭怡 | W45: 刘希子 | Y45: 刘希子 | AA45: 刘希子 | AB45: 是 | AC45: 剑锋 | AD45: 是 | AE45: 王丽 | AF45: =VLOOKUP(B45,'UV台帐'!B:G,6,0) | AH45: 是 | AI45: 没问题 | AJ45: 孩子感觉还行，没有特别的反馈，三科老师也都有及时沟通，没有什么问题； | AK45: 孩子感觉还行，没有特别的反馈，三科老师也都有及时沟通，没有什么问题； | AL45: A | AM45: A | AN45: B | AO45: B | AP45: 铭铭：家长没什么焦虑感，还没有明显薄弱的地方，成绩都挺好，家长没有过多的要求 | AQ45: 否 | AS45: =COUNTIFS(H45,"零期",I45,"在读")+COUNTIFS(L45,"零期",M45,"在读")+COUNTIFS(P45,"零期",Q45,"在读") | AT45: =AS45-AX45 | AU45: =VLOOKUP(B45,'UV台帐'!B:AL,19,0) | AV45: =VLOOKUP(B45,'UV台帐'!B:AL,28,0) | AW45: =VLOOKUP(B45,'UV台帐'!B:AL,37,0) | AX45: =COUNTIFS(H45,"零期",AU45,"是")+COUNTIFS(L45,"零期",AV45,"是")+COUNTIFS(P45,"零期",AW45,"是") | AZ45: 对于老师表示认可，但是之前没怎么报过班，所以对于VIP群每天反馈觉得有些惶恐。反复表示爸爸和妈妈比较佛，孩子曾经在学而思学过一年，A+班；后面就没有继续学，是因为不想孩子走MK。正常保证校内的成绩，所以校内都是还自己学习的。 和妈妈铺垫了初中学习难度，家长也了解到和小学阶段的区别。家长意向要报也是1科，并且现场明确表示今晚不会报班，起码还得再上五节；因为有其他的同学在读，所以对作业帮品牌包括中帅老师本身是认可的。考虑数学接着学；但是还是得以孩子意愿为主，在家里和孩子沟通过，孩子表述了还好，没有表现出非常热烈的反馈，但是也考虑让孩子接着学 卡点核心：①孩子明确表示想继续学；②只报数学；③语文觉得不知道如何引导孩子多阅读和积累；④英语想和希子单独沟通一下。
A46: 同创汇 | B46: 2717412875 | C46: =VLOOKUP(B46,'UV台帐'!B:AL,2,0) | D46: =VLOOKUP(B46,'UV台帐'!B:AL,3,0) | E46: =VLOOKUP(B46,'UV台帐'!B:AL,13,0) | F46: =VLOOKUP(B46,'UV台帐'!B:AL,15,0) | G46: =VLOOKUP(B46,'UV台帐'!B:AL,16,0) | H46: =VLOOKUP(B46,'UV台帐'!B:AL,17,0) | I46: =VLOOKUP(B46,'UV台帐'!B:AL,18,0) | J46: =VLOOKUP(B46,'UV台帐'!B:AL,22,0) | K46: =VLOOKUP(B46,'UV台帐'!B:AL,24,0) | L46: =VLOOKUP(B46,'UV台帐'!B:AL,26,0) | M46: =VLOOKUP(B46,'UV台帐'!B:AL,27,0) | N46: =VLOOKUP(B46,'UV台帐'!B:AL,31,0) | O46: =VLOOKUP(B46,'UV台帐'!B:AL,33,0) | P46: =VLOOKUP(B46,'UV台帐'!B:AL,35,0) | Q46: =VLOOKUP(B46,'UV台帐'!B:AL,36,0) | S46: 否 | T46: 否 | Y46: 李润 | AA46: 李润 | AB46: 是 | AC46: 戎凯 | AD46: 是 | AE46: 戎凯01 | AF46: =VLOOKUP(B46,'UV台帐'!B:G,6,0) | AH46: 是 | AI46: 可正常来上课 | AJ46: 妈妈担心我们换师频繁不稳定，认为三科学习还是有必要的，在看一下物理的学科，发上课时间和价格 | AK46: 妈妈担心我们换师频繁不稳定，认为三科学习还是有必要的，在看一下物理的学科，发上课时间和价格 | AL46: S | AS46: =COUNTIFS(H46,"零期",I46,"在读")+COUNTIFS(L46,"零期",M46,"在读")+COUNTIFS(P46,"零期",Q46,"在读") | AT46: =AS46-AX46 | AU46: =VLOOKUP(B46,'UV台帐'!B:AL,19,0) | AV46: =VLOOKUP(B46,'UV台帐'!B:AL,28,0) | AW46: =VLOOKUP(B46,'UV台帐'!B:AL,37,0) | AX46: =COUNTIFS(H46,"零期",AU46,"是")+COUNTIFS(L46,"零期",AV46,"是")+COUNTIFS(P46,"零期",AW46,"是") | AZ46: 英语还没上课，语文看米诺报了陈南，在纠结要不要一起报名，需要明天跟进
A47: 新宝利 | B47: 2718515302 | C47: =VLOOKUP(B47,'UV台帐'!B:AL,2,0) | D47: =VLOOKUP(B47,'UV台帐'!B:AL,3,0) | E47: =VLOOKUP(B47,'UV台帐'!B:AL,13,0) | F47: =VLOOKUP(B47,'UV台帐'!B:AL,15,0) | G47: =VLOOKUP(B47,'UV台帐'!B:AL,16,0) | H47: =VLOOKUP(B47,'UV台帐'!B:AL,17,0) | I47: =VLOOKUP(B47,'UV台帐'!B:AL,18,0) | J47: =VLOOKUP(B47,'UV台帐'!B:AL,22,0) | K47: =VLOOKUP(B47,'UV台帐'!B:AL,24,0) | L47: =VLOOKUP(B47,'UV台帐'!B:AL,26,0) | M47: =VLOOKUP(B47,'UV台帐'!B:AL,27,0) | N47: =VLOOKUP(B47,'UV台帐'!B:AL,31,0) | O47: =VLOOKUP(B47,'UV台帐'!B:AL,33,0) | P47: =VLOOKUP(B47,'UV台帐'!B:AL,35,0) | Q47: =VLOOKUP(B47,'UV台帐'!B:AL,36,0) | S47: 是 | T47: 否 | AA47: 黄铭怡 | AB47: 是 | AC47: 苏丽婷 | AD47: 是 | AE47: 苏丽婷 | AF47: =VLOOKUP(B47,'UV台帐'!B:G,6,0) | AH47: 是 | AI47: 29和1号上午回校，下午其他机构有课。来不了 | AJ47: 第一和第三节课请假，孩子妈妈说还没找孩子了解上课情况，班群的内容反馈还没看，数学在进阶学，学得比较超前，英语考了剑桥，觉得我们内容简单，秋季转化异议点有：家长在意教学师资和效果 | AK47: 第一和第三节课请假，孩子妈妈说还没找孩子了解上课情况，班群的内容反馈还没看，数学在进阶学，学得比较超前，英语考了剑桥，觉得我们内容简单，秋季转化异议点有：家长在意教学师资和效果 | AL47: B | AN47: B | AP47: 家长沟通平淡，暂时没有产生粘性，孩子上课状态腼腆，互动少 | AQ47: 是 | AS47: =COUNTIFS(H47,"零期",I47,"在读")+COUNTIFS(L47,"零期",M47,"在读")+COUNTIFS(P47,"零期",Q47,"在读") | AT47: =AS47-AX47 | AU47: =VLOOKUP(B47,'UV台帐'!B:AL,19,0) | AV47: =VLOOKUP(B47,'UV台帐'!B:AL,28,0) | AW47: =VLOOKUP(B47,'UV台帐'!B:AL,37,0) | AX47: =COUNTIFS(H47,"零期",AU47,"是")+COUNTIFS(L47,"零期",AV47,"是")+COUNTIFS(P47,"零期",AW47,"是") | AZ47: 7号给答复，考虑语文，扩数学
A48: 同创汇 | B48: 2721240331 | C48: =VLOOKUP(B48,'UV台帐'!B:AL,2,0) | D48: =VLOOKUP(B48,'UV台帐'!B:AL,3,0) | E48: =VLOOKUP(B48,'UV台帐'!B:AL,13,0) | F48: =VLOOKUP(B48,'UV台帐'!B:AL,15,0) | G48: =VLOOKUP(B48,'UV台帐'!B:AL,16,0) | H48: =VLOOKUP(B48,'UV台帐'!B:AL,17,0) | I48: =VLOOKUP(B48,'UV台帐'!B:AL,18,0) | J48: =VLOOKUP(B48,'UV台帐'!B:AL,22,0) | K48: =VLOOKUP(B48,'UV台帐'!B:AL,24,0) | L48: =VLOOKUP(B48,'UV台帐'!B:AL,26,0) | M48: =VLOOKUP(B48,'UV台帐'!B:AL,27,0) | N48: =VLOOKUP(B48,'UV台帐'!B:AL,31,0) | O48: =VLOOKUP(B48,'UV台帐'!B:AL,33,0) | P48: =VLOOKUP(B48,'UV台帐'!B:AL,35,0) | Q48: =VLOOKUP(B48,'UV台帐'!B:AL,36,0) | S48: 是 | T48: 是 | W48: 陈中帅,高心怡04 | Y48: 李润 | AA48: 高心怡04 | AB48: 是 | AC48: 高心怡 | AD48: 是 | AE48: 戎凯01 | AF48: =VLOOKUP(B48,'UV台帐'!B:G,6,0) | AG48: 十三中，白六课改保底 | AH48: 是 | AI48: 可正常来上课 | AJ48: 妈妈有考虑三科，希望英语成为孩子的优势学科，能帮助孩子尽快在初中站稳，有更多自信； | AK48: 妈妈有考虑三科，希望英语成为孩子的优势学科，能帮助孩子尽快在初中站稳，有更多自信； | AL48: B | AM48: A | AN48: B | AO48: B | AP48: 课堂需要在多关注一下，激发孩子的兴趣 | AS48: =COUNTIFS(H48,"零期",I48,"在读")+COUNTIFS(L48,"零期",M48,"在读")+COUNTIFS(P48,"零期",Q48,"在读") | AT48: =AS48-AX48 | AU48: =VLOOKUP(B48,'UV台帐'!B:AL,19,0) | AV48: =VLOOKUP(B48,'UV台帐'!B:AL,28,0) | AW48: =VLOOKUP(B48,'UV台帐'!B:AL,37,0) | AX48: =COUNTIFS(H48,"零期",AU48,"是")+COUNTIFS(L48,"零期",AV48,"是")+COUNTIFS(P48,"零期",AW48,"是") | AZ48: 白六今天注册，上完咱们的课还要上白六推荐的机构？对比机构
A49: 新宝利 | B49: 2748777690 | C49: =VLOOKUP(B49,'UV台帐'!B:AL,2,0) | D49: =VLOOKUP(B49,'UV台帐'!B:AL,3,0) | E49: =VLOOKUP(B49,'UV台帐'!B:AL,13,0) | F49: =VLOOKUP(B49,'UV台帐'!B:AL,15,0) | G49: =VLOOKUP(B49,'UV台帐'!B:AL,16,0) | H49: =VLOOKUP(B49,'UV台帐'!B:AL,17,0) | I49: =VLOOKUP(B49,'UV台帐'!B:AL,18,0) | J49: =VLOOKUP(B49,'UV台帐'!B:AL,22,0) | K49: =VLOOKUP(B49,'UV台帐'!B:AL,24,0) | L49: =VLOOKUP(B49,'UV台帐'!B:AL,26,0) | M49: =VLOOKUP(B49,'UV台帐'!B:AL,27,0) | N49: =VLOOKUP(B49,'UV台帐'!B:AL,31,0) | O49: =VLOOKUP(B49,'UV台帐'!B:AL,33,0) | P49: =VLOOKUP(B49,'UV台帐'!B:AL,35,0) | Q49: =VLOOKUP(B49,'UV台帐'!B:AL,36,0) | S49: 是 | T49: 是 | Y49: 肖锐03 | AA49: 肖锐03 | AB49: 是 | AC49: 沈源 | AD49: 是 | AE49: 林志豪01 | AF49: =VLOOKUP(B49,'UV台帐'!B:G,6,0) | AG49: 美华 | AH49: 是 | AI49: 29号返校需要补课 | AJ49: 孩子成绩还不错，但是这次摇号结果很心寒，预备着初一都补，但是担心孩子太累，卡点时间 | AK49: 孩子成绩还不错，但是这次摇号结果很心寒，预备着初一都补，但是担心孩子太累，卡点时间 | AL49: A | AO49: A | AP49: 孩子成绩还不错，但是这次摇号结果很心寒，预备着初一都补，但是担心孩子太累，卡点时间 | AQ49: 是 | AS49: =COUNTIFS(H49,"零期",I49,"在读")+COUNTIFS(L49,"零期",M49,"在读")+COUNTIFS(P49,"零期",Q49,"在读") | AT49: =AS49-AX49 | AU49: =VLOOKUP(B49,'UV台帐'!B:AL,19,0) | AV49: =VLOOKUP(B49,'UV台帐'!B:AL,28,0) | AW49: =VLOOKUP(B49,'UV台帐'!B:AL,37,0) | AX49: =COUNTIFS(H49,"零期",AU49,"是")+COUNTIFS(L49,"零期",AV49,"是")+COUNTIFS(P49,"零期",AW49,"是") | AZ49: 已转
A50: 新宝利 | B50: 2752351775 | C50: =VLOOKUP(B50,'UV台帐'!B:AL,2,0) | D50: =VLOOKUP(B50,'UV台帐'!B:AL,3,0) | E50: =VLOOKUP(B50,'UV台帐'!B:AL,13,0) | F50: =VLOOKUP(B50,'UV台帐'!B:AL,15,0) | G50: =VLOOKUP(B50,'UV台帐'!B:AL,16,0) | H50: =VLOOKUP(B50,'UV台帐'!B:AL,17,0) | I50: =VLOOKUP(B50,'UV台帐'!B:AL,18,0) | J50: =VLOOKUP(B50,'UV台帐'!B:AL,22,0) | K50: =VLOOKUP(B50,'UV台帐'!B:AL,24,0) | L50: =VLOOKUP(B50,'UV台帐'!B:AL,26,0) | M50: =VLOOKUP(B50,'UV台帐'!B:AL,27,0) | N50: =VLOOKUP(B50,'UV台帐'!B:AL,31,0) | O50: =VLOOKUP(B50,'UV台帐'!B:AL,33,0) | P50: =VLOOKUP(B50,'UV台帐'!B:AL,35,0) | Q50: =VLOOKUP(B50,'UV台帐'!B:AL,36,0) | S50: 是 | T50: 是 | W50: 田雨涵01 | AA50: 肖锐03 | AB50: 是 | AC50: 裴剑锋 | AD50: 是 | AE50: 林志豪01 | AF50: =VLOOKUP(B50,'UV台帐'!B:G,6,0) | AG50: 培正 | AH50: 是 | AI50: 29号返校需要补课 | AJ50: 孩子觉得两个老师都挺好的，有需求，意向度OK，因为孩子之前本来想走特长生，乒乓球区队的，但是特长没有省队进不去，小学都放在特长上了，没重视主科，后面反馈成绩有点跟不上，危机点0期请假太多， | AK50: 孩子觉得两个老师都挺好的，有需求，意向度OK，因为孩子之前本来想走特长生，乒乓球区队的，但是特长没有省队进不去，小学都放在特长上了，没重视主科，后面反馈成绩有点跟不上，危机点0期请假太多， | AL50: S | AM50: A | AN50: A | AO50: A | AP50: 孩子觉得两个老师都挺好的，有需求，意向度OK，因为孩子之前本来想走特长生，乒乓球区队的，但是特长没有省队进不去，小学都放在特长上了，没重视主科，后面反馈成绩有点跟不上，危机点0期请假太多， | AQ50: 是 | AS50: =COUNTIFS(H50,"零期",I50,"在读")+COUNTIFS(L50,"零期",M50,"在读")+COUNTIFS(P50,"零期",Q50,"在读") | AT50: =AS50-AX50 | AU50: =VLOOKUP(B50,'UV台帐'!B:AL,19,0) | AV50: =VLOOKUP(B50,'UV台帐'!B:AL,28,0) | AW50: =VLOOKUP(B50,'UV台帐'!B:AL,37,0) | AX50: =COUNTIFS(H50,"零期",AU50,"是")+COUNTIFS(L50,"零期",AV50,"是")+COUNTIFS(P50,"零期",AW50,"是") | AZ50: 数学和英语在读；目前爸爸明确说了要报；今晚要回家和乒乓球队确定训练时间，因为已经进入了培正乒乓球校队，确定时间就可以安排。想报3科，也试探地问了我们10000三科有没有可能，现场直接明说了价格没法变，爸爸也表示接受。还有一个篮球训练的转介绍。需要白老师今晚去电话沟通。
A51: 同创汇 | B51: 2930670841 | C51: =VLOOKUP(B51,'UV台帐'!B:AL,2,0) | D51: =VLOOKUP(B51,'UV台帐'!B:AL,3,0) | E51: =VLOOKUP(B51,'UV台帐'!B:AL,13,0) | F51: =VLOOKUP(B51,'UV台帐'!B:AL,15,0) | G51: =VLOOKUP(B51,'UV台帐'!B:AL,16,0) | H51: =VLOOKUP(B51,'UV台帐'!B:AL,17,0) | I51: =VLOOKUP(B51,'UV台帐'!B:AL,18,0) | J51: =VLOOKUP(B51,'UV台帐'!B:AL,22,0) | K51: =VLOOKUP(B51,'UV台帐'!B:AL,24,0) | L51: =VLOOKUP(B51,'UV台帐'!B:AL,26,0) | M51: =VLOOKUP(B51,'UV台帐'!B:AL,27,0) | N51: =VLOOKUP(B51,'UV台帐'!B:AL,31,0) | O51: =VLOOKUP(B51,'UV台帐'!B:AL,33,0) | P51: =VLOOKUP(B51,'UV台帐'!B:AL,35,0) | Q51: =VLOOKUP(B51,'UV台帐'!B:AL,36,0) | S51: 否 | T51: 否 | W51: 陈中帅 | Y51: 李润 | AA51: 高心怡04 | AB51: 是 | AC51: 苏丽婷 | AD51: 是 | AE51: 苏丽婷 | AF51: =VLOOKUP(B51,'UV台帐'!B:G,6,0) | AG51: 天河执信 | AH51: 是 | AI51: 15：10电访家长，表示6月29号孩子需要14:30-17:05在本班教室领取初中录取通知书。7月10号上午举行铁一小学 2025 学年第二学期散学礼暨六年级结业典礼，这两个日期时间段有冲突，需求是作业帮可以做相关调整。 | AJ51: 孩子之前也在学有理数，所以课堂学习吸收快，很喜欢原来的数学老师，但是原老师依然还是教mk，可以对比看看，确定去天河执信，但是之前16中开会承诺A层保一年，摇号没有摇中，语文英语分班测正在找，孩子初中周六早上没有时间下午集训，周日上午有时间，周日回校，语文英语计划调期上课，现在集中注意力去搞分班考，家里还有升4年级的妹妹，要学剑桥，问我们这边英语的优势是什么，目前数学在学而思（从2-3年级一直拓展），两位孩子的兴趣班都是管乐，非常忙。妈妈需求是三科可以有分班测的题型点拨，意思是可以给孩子加点餐7月4号参加分班考。秋季续班：1孩子可排课时间有限只有周日，2孩子不喜欢补课做作业，时间大部分精力分到了音乐上面，孩子很拔尖，家长自豪 | AK51: 孩子之前也在学有理数，所以课堂学习吸收快，很喜欢原来的数学老师，但是原老师依然还是教mk，可以对比看看，确定去天河执信，但是之前16中开会承诺A层保一年，摇号没有摇中，语文英语分班测正在找，孩子初中周六早上没有时间下午集训，周日上午有时间，周日回校，语文英语计划调期上课，现在集中注意力去搞分班考，家里还有升4年级的妹妹，要学剑桥，问我们这边英语的优势是什么，目前数学在学而思（从2-3年级一直拓展），两位孩子的兴趣班都是管乐，非常忙。妈妈需求是三科可以有分班测的题型点拨，意思是可以给孩子加点餐7月4号参加分班考。秋季续班：1孩子可排课时间有限只有周日，2孩子不喜欢补课做作业，时间大部分精力分到了音乐上面，孩子很拔尖，家长自豪 | AL51: S | AM51: S | AN51: B | AO51: B | AP51: 中帅：判S，孩子主动加老师微信，妈妈这边主动推荐新生了解课程，妹妹也有计划报读升4暑假数学启航班 心怡： 1-3节请假，无印象 李润： 1-3节请假，无印象 | AQ51: 是 | AS51: =COUNTIFS(H51,"零期",I51,"在读")+COUNTIFS(L51,"零期",M51,"在读")+COUNTIFS(P51,"零期",Q51,"在读") | AT51: =AS51-AX51 | AU51: =VLOOKUP(B51,'UV台帐'!B:AL,19,0) | AV51: =VLOOKUP(B51,'UV台帐'!B:AL,28,0) | AW51: =VLOOKUP(B51,'UV台帐'!B:AL,37,0) | AX51: =COUNTIFS(H51,"零期",AU51,"是")+COUNTIFS(L51,"零期",AV51,"是")+COUNTIFS(P51,"零期",AW51,"是") | AZ51: 确定要报数学，只有周日上午有时间，而且是启能班型
A52: 同创汇 | B52: 2948961140 | C52: =VLOOKUP(B52,'UV台帐'!B:AL,2,0) | D52: =VLOOKUP(B52,'UV台帐'!B:AL,3,0) | E52: =VLOOKUP(B52,'UV台帐'!B:AL,13,0) | F52: =VLOOKUP(B52,'UV台帐'!B:AL,15,0) | G52: =VLOOKUP(B52,'UV台帐'!B:AL,16,0) | H52: =VLOOKUP(B52,'UV台帐'!B:AL,17,0) | I52: =VLOOKUP(B52,'UV台帐'!B:AL,18,0) | J52: =VLOOKUP(B52,'UV台帐'!B:AL,22,0) | K52: =VLOOKUP(B52,'UV台帐'!B:AL,24,0) | L52: =VLOOKUP(B52,'UV台帐'!B:AL,26,0) | M52: =VLOOKUP(B52,'UV台帐'!B:AL,27,0) | N52: =VLOOKUP(B52,'UV台帐'!B:AL,31,0) | O52: =VLOOKUP(B52,'UV台帐'!B:AL,33,0) | P52: =VLOOKUP(B52,'UV台帐'!B:AL,35,0) | Q52: =VLOOKUP(B52,'UV台帐'!B:AL,36,0) | S52: 否 | T52: 否 | AA52: 刘希子 | AB52: 否 | AD52: 否 | AE52: 戎凯01 | AF52: =VLOOKUP(B52,'UV台帐'!B:G,6,0) | AG52: 培正 | AH52: 是 | AI52: 可正常来上课 | AJ52: 我们这边结课，孩子还有一个课程在学，整体感觉有点累，妈妈考虑在上两天看一下孩子的学习情况，比如孩子的提升点在做秋季的考虑。语文在品读行在读；需要把孩子目前的短板和未来能提高的点同步家长；家长没空管孩子。 | AK52: 我们这边结课，孩子还有一个课程在学，整体感觉有点累，妈妈考虑在上两天看一下孩子的学习情况，比如孩子的提升点在做秋季的考虑。语文在品读行在读；需要把孩子目前的短板和未来能提高的点同步家长；家长没空管孩子。 | AL52: A | AM52: A | AN52: B | AO52: A | AP52: 中帅：孩子学习有进步；得等家长，那五讲一测报告去PUSH关单；目前对品读行不够满意 | AS52: =COUNTIFS(H52,"零期",I52,"在读")+COUNTIFS(L52,"零期",M52,"在读")+COUNTIFS(P52,"零期",Q52,"在读") | AT52: =AS52-AX52 | AU52: =VLOOKUP(B52,'UV台帐'!B:AL,19,0) | AV52: =VLOOKUP(B52,'UV台帐'!B:AL,28,0) | AW52: =VLOOKUP(B52,'UV台帐'!B:AL,37,0) | AX52: =COUNTIFS(H52,"零期",AU52,"是")+COUNTIFS(L52,"零期",AV52,"是")+COUNTIFS(P52,"零期",AW52,"是") | AZ52: 数学很好，家长很焦虑，课程排满了；讲座春暑连报的；
A53: 新宝利 | B53: 4000464385 | C53: =VLOOKUP(B53,'UV台帐'!B:AL,2,0) | D53: =VLOOKUP(B53,'UV台帐'!B:AL,3,0) | E53: =VLOOKUP(B53,'UV台帐'!B:AL,13,0) | F53: =VLOOKUP(B53,'UV台帐'!B:AL,15,0) | G53: =VLOOKUP(B53,'UV台帐'!B:AL,16,0) | H53: =VLOOKUP(B53,'UV台帐'!B:AL,17,0) | I53: =VLOOKUP(B53,'UV台帐'!B:AL,18,0) | J53: =VLOOKUP(B53,'UV台帐'!B:AL,22,0) | K53: =VLOOKUP(B53,'UV台帐'!B:AL,24,0) | L53: =VLOOKUP(B53,'UV台帐'!B:AL,26,0) | M53: =VLOOKUP(B53,'UV台帐'!B:AL,27,0) | N53: =VLOOKUP(B53,'UV台帐'!B:AL,31,0) | O53: =VLOOKUP(B53,'UV台帐'!B:AL,33,0) | P53: =VLOOKUP(B53,'UV台帐'!B:AL,35,0) | Q53: =VLOOKUP(B53,'UV台帐'!B:AL,36,0) | S53: 是 | T53: 是 | W53: 陈中帅 | AA53: 黄铭怡 | AB53: 否 | AD53: 否 | AE53: 林志豪01 | AF53: =VLOOKUP(B53,'UV台帐'!B:G,6,0) | AG53: 三中 | AH53: 是 | AI53: 29号返校需要补课 | AJ53: 之前一直有补习机构学，了解后孩子三中答应给重点班的，目前聊了，他说初中看看情况有没有需要补，告知孩子重点班压力大，更需要跟上脚步 | AK53: 之前一直有补习机构学，了解后孩子三中答应给重点班的，目前聊了，他说初中看看情况有没有需要补，告知孩子重点班压力大，更需要跟上脚步 | AL53: B | AM53: B | AN53: B | AO53: B | AP53: 1、孩子程度好，大概率三中重点班，会存在校内压力大2、孩子觉得还行，妈咪问了孩子也没表现特别多的好评，认可，3有在学而思学过，存在对比 | AQ53: 是 | AS53: =COUNTIFS(H53,"零期",I53,"在读")+COUNTIFS(L53,"零期",M53,"在读")+COUNTIFS(P53,"零期",Q53,"在读") | AT53: =AS53-AX53 | AU53: =VLOOKUP(B53,'UV台帐'!B:AL,19,0) | AV53: =VLOOKUP(B53,'UV台帐'!B:AL,28,0) | AW53: =VLOOKUP(B53,'UV台帐'!B:AL,37,0) | AX53: =COUNTIFS(H53,"零期",AU53,"是")+COUNTIFS(L53,"零期",AV53,"是")+COUNTIFS(P53,"零期",AW53,"是")
A54: 同创汇 | B54: 4018505986 | C54: =VLOOKUP(B54,'UV台帐'!B:AL,2,0) | D54: =VLOOKUP(B54,'UV台帐'!B:AL,3,0) | E54: =VLOOKUP(B54,'UV台帐'!B:AL,13,0) | F54: =VLOOKUP(B54,'UV台帐'!B:AL,15,0) | G54: =VLOOKUP(B54,'UV台帐'!B:AL,16,0) | H54: =VLOOKUP(B54,'UV台帐'!B:AL,17,0) | I54: =VLOOKUP(B54,'UV台帐'!B:AL,18,0) | J54: =VLOOKUP(B54,'UV台帐'!B:AL,22,0) | K54: =VLOOKUP(B54,'UV台帐'!B:AL,24,0) | L54: =VLOOKUP(B54,'UV台帐'!B:AL,26,0) | M54: =VLOOKUP(B54,'UV台帐'!B:AL,27,0) | N54: =VLOOKUP(B54,'UV台帐'!B:AL,31,0) | O54: =VLOOKUP(B54,'UV台帐'!B:AL,33,0) | P54: =VLOOKUP(B54,'UV台帐'!B:AL,35,0) | Q54: =VLOOKUP(B54,'UV台帐'!B:AL,36,0) | S54: 是 | T54: 否 | U54: 田雨涵01 | W54: 陈南05 | AA54: 刘希子 | AB54: 是 | AC54: 陈南 | AD54: 是 | AE54: 苏丽婷 | AF54: =VLOOKUP(B54,'UV台帐'!B:G,6,0) | AG54: 五羊 | AH54: 是 | AI54: 6月29号下午拿通知书待确定，爸爸说看看能不能家长代拿，不行可能需要请假，7月8号第一节请假需要当天晚上补课 | AJ54: 之前都没有补过课，秋季目前没有安排，优先考虑我们这，爸爸对孩子在这边的学习反馈，老师都非常满意，孩子没有主动和爸爸沟通学习情况，需求是要引导孩子去总结学习内容，有人互动给任务，数学老师如果反馈在作业帮的情况更好，有哪些题错误，做题思维好的，灵活的，或者哪些知识点到不到位，反馈内容都会给孩子自己听，等于孩子查漏补缺，小孩收到表扬，学习自然也会更主动积极的，秋季续班爸爸表示有效果孩子喜欢都会继续跟着学的，截止目前是很满意的。 | AK54: 之前都没有补过课，秋季目前没有安排，优先考虑我们这，爸爸对孩子在这边的学习反馈，老师都非常满意，孩子没有主动和爸爸沟通学习情况，需求是要引导孩子去总结学习内容，有人互动给任务，数学老师如果反馈在作业帮的情况更好，有哪些题错误，做题思维好的，灵活的，或者哪些知识点到不到位，反馈内容都会给孩子自己听，等于孩子查漏补缺，小孩收到表扬，学习自然也会更主动积极的，秋季续班爸爸表示有效果孩子喜欢都会继续跟着学的，截止目前是很满意的。 | AL54: S | AM54: A | AN54: A | AO54: A | AP54: 路涵老师：判A,家长vip群很关注老师的反馈，孩子上课积极，班级前几，做题正确率很高 陈南05 ：爸爸认可教学，配合度很高，孩子进步很大 刘希子 | AQ54: 是 | AS54: =COUNTIFS(H54,"零期",I54,"在读")+COUNTIFS(L54,"零期",M54,"在读")+COUNTIFS(P54,"零期",Q54,"在读") | AT54: =AS54-AX54 | AU54: =VLOOKUP(B54,'UV台帐'!B:AL,19,0) | AV54: =VLOOKUP(B54,'UV台帐'!B:AL,28,0) | AW54: =VLOOKUP(B54,'UV台帐'!B:AL,37,0) | AX54: =COUNTIFS(H54,"零期",AU54,"是")+COUNTIFS(L54,"零期",AV54,"是")+COUNTIFS(P54,"零期",AW54,"是") | AZ54: 觉得秋季三科上课时间很密集，要看看孩子的时间安排和孩子沟通；希望BDE时间；午休吃饭的需求
A55: 同创汇 | B55: 4024784462 | C55: =VLOOKUP(B55,'UV台帐'!B:AL,2,0) | D55: =VLOOKUP(B55,'UV台帐'!B:AL,3,0) | E55: =VLOOKUP(B55,'UV台帐'!B:AL,13,0) | F55: =VLOOKUP(B55,'UV台帐'!B:AL,15,0) | G55: =VLOOKUP(B55,'UV台帐'!B:AL,16,0) | H55: =VLOOKUP(B55,'UV台帐'!B:AL,17,0) | I55: =VLOOKUP(B55,'UV台帐'!B:AL,18,0) | J55: =VLOOKUP(B55,'UV台帐'!B:AL,22,0) | K55: =VLOOKUP(B55,'UV台帐'!B:AL,24,0) | L55: =VLOOKUP(B55,'UV台帐'!B:AL,26,0) | M55: =VLOOKUP(B55,'UV台帐'!B:AL,27,0) | N55: =VLOOKUP(B55,'UV台帐'!B:AL,31,0) | O55: =VLOOKUP(B55,'UV台帐'!B:AL,33,0) | P55: =VLOOKUP(B55,'UV台帐'!B:AL,35,0) | Q55: =VLOOKUP(B55,'UV台帐'!B:AL,36,0) | S55: 是 | T55: 否 | U55: 高心怡04 | AA55: 陈中帅 | AB55: 是 | AC55: 铭铭 | AD55: 是 | AE55: 王丽 | AF55: =VLOOKUP(B55,'UV台帐'!B:G,6,0) | AH55: 是 | AI55: 30号上午的数学调到1期上，要回学校，下午的不耽误，可以正常上课 | AJ55: 孩子妈妈说孩子说还可以，没有太多的反馈，孩子上课状态还行，妈妈对于孩子的规划会比较重视，主要还是想要提分 | AK55: 孩子妈妈说孩子说还可以，没有太多的反馈，孩子上课状态还行，妈妈对于孩子的规划会比较重视，主要还是想要提分 | AS55: =COUNTIFS(H55,"零期",I55,"在读")+COUNTIFS(L55,"零期",M55,"在读")+COUNTIFS(P55,"零期",Q55,"在读") | AT55: =AS55-AX55 | AU55: =VLOOKUP(B55,'UV台帐'!B:AL,19,0) | AV55: =VLOOKUP(B55,'UV台帐'!B:AL,28,0) | AW55: =VLOOKUP(B55,'UV台帐'!B:AL,37,0) | AX55: =COUNTIFS(H55,"零期",AU55,"是")+COUNTIFS(L55,"零期",AV55,"是")+COUNTIFS(P55,"零期",AW55,"是") | AZ55: 语文等铭铭反馈
A56: 同创汇 | B56: 4029496535 | C56: =VLOOKUP(B56,'UV台帐'!B:AL,2,0) | D56: =VLOOKUP(B56,'UV台帐'!B:AL,3,0) | E56: =VLOOKUP(B56,'UV台帐'!B:AL,13,0) | F56: =VLOOKUP(B56,'UV台帐'!B:AL,15,0) | G56: =VLOOKUP(B56,'UV台帐'!B:AL,16,0) | H56: =VLOOKUP(B56,'UV台帐'!B:AL,17,0) | I56: =VLOOKUP(B56,'UV台帐'!B:AL,18,0) | J56: =VLOOKUP(B56,'UV台帐'!B:AL,22,0) | K56: =VLOOKUP(B56,'UV台帐'!B:AL,24,0) | L56: =VLOOKUP(B56,'UV台帐'!B:AL,26,0) | M56: =VLOOKUP(B56,'UV台帐'!B:AL,27,0) | N56: =VLOOKUP(B56,'UV台帐'!B:AL,31,0) | O56: =VLOOKUP(B56,'UV台帐'!B:AL,33,0) | P56: =VLOOKUP(B56,'UV台帐'!B:AL,35,0) | Q56: =VLOOKUP(B56,'UV台帐'!B:AL,36,0) | S56: 是 | T56: 是 | W56: 刘希子 | AA56: 陈中帅 | AB56: 是 | AC56: 王丽 | AD56: 是 | AE56: 王丽 | AF56: =VLOOKUP(B56,'UV台帐'!B:G,6,0) | AH56: 是 | AI56: 没问题 | AJ56: 孩子妈妈在忙，没接，孩子上课配合度一般；正价学员断保； | AK56: 孩子妈妈在忙，没接，孩子上课配合度一般；正价学员断保； | AL56: A | AM56: A | AN56: B | AO56: B | AP56: 可以和家长沟通下，下危机 | AS56: =COUNTIFS(H56,"零期",I56,"在读")+COUNTIFS(L56,"零期",M56,"在读")+COUNTIFS(P56,"零期",Q56,"在读") | AT56: =AS56-AX56 | AU56: =VLOOKUP(B56,'UV台帐'!B:AL,19,0) | AV56: =VLOOKUP(B56,'UV台帐'!B:AL,28,0) | AW56: =VLOOKUP(B56,'UV台帐'!B:AL,37,0) | AX56: =COUNTIFS(H56,"零期",AU56,"是")+COUNTIFS(L56,"零期",AV56,"是")+COUNTIFS(P56,"零期",AW56,"是") | AZ56: 孩子妈妈要赶着去接孩子，语数英三科说后面线上跟老师沟通，数学不确定还能不能继续跟上启能班，孩子学习态度也不是很好，要重新跟孩子聊聊才能确定要不要报秋季课；程度中等偏下，
A57: 同创汇 | B57: 4042838194 | C57: =VLOOKUP(B57,'UV台帐'!B:AL,2,0) | D57: =VLOOKUP(B57,'UV台帐'!B:AL,3,0) | E57: =VLOOKUP(B57,'UV台帐'!B:AL,13,0) | F57: =VLOOKUP(B57,'UV台帐'!B:AL,15,0) | G57: =VLOOKUP(B57,'UV台帐'!B:AL,16,0) | H57: =VLOOKUP(B57,'UV台帐'!B:AL,17,0) | I57: =VLOOKUP(B57,'UV台帐'!B:AL,18,0) | J57: =VLOOKUP(B57,'UV台帐'!B:AL,22,0) | K57: =VLOOKUP(B57,'UV台帐'!B:AL,24,0) | L57: =VLOOKUP(B57,'UV台帐'!B:AL,26,0) | M57: 在读 | N57: =VLOOKUP(B57,'UV台帐'!B:AL,31,0) | O57: =VLOOKUP(B57,'UV台帐'!B:AL,33,0) | P57: =VLOOKUP(B57,'UV台帐'!B:AL,35,0) | Q57: =VLOOKUP(B57,'UV台帐'!B:AL,36,0) | S57: 是 | T57: 是 | U57: 刘希子 | W57: 陈南05 | Y57: 田雨涵01 | AA57: 陈南05 | AB57: 否 | AD57: 否 | AE57: 戎凯01 | AF57: =VLOOKUP(B57,'UV台帐'!B:G,6,0) | AH57: 是 | AI57: 可以正常上课 | AJ57: 家里面有2个孩子，比较怕爸爸，但是爸爸得管另一个以后才能管俊康。距离不算近，妈妈担心孩子不能坚持，孩子说上一天的课很累，不想来上课，认为没有时间去玩。后续的秋季需要解君孩子自驱力，学习习惯，需要让妈妈看到孩子的提升点 | AK57: 家里面有2个孩子，比较怕爸爸，但是爸爸得管另一个以后才能管俊康。距离不算近，妈妈担心孩子不能坚持，孩子说上一天的课很累，不想来上课，认为没有时间去玩。后续的秋季需要解君孩子自驱力，学习习惯，需要让妈妈看到孩子的提升点 | AL57: A | AM57: A | AN57: A | AO57: B | AS57: =COUNTIFS(H57,"零期",I57,"在读")+COUNTIFS(L57,"零期",M57,"在读")+COUNTIFS(P57,"零期",Q57,"在读") | AT57: =AS57-AX57 | AU57: =VLOOKUP(B57,'UV台帐'!B:AL,19,0) | AV57: =VLOOKUP(B57,'UV台帐'!B:AL,28,0) | AW57: =VLOOKUP(B57,'UV台帐'!B:AL,37,0) | AX57: =COUNTIFS(H57,"零期",AU57,"是")+COUNTIFS(L57,"零期",AV57,"是")+COUNTIFS(P57,"零期",AW57,"是") | AZ57: 数学情况还可以；学习习惯不好，家长要求很高；家长是愿意沟通学情的；
A58: 同创汇 | B58: 4050031794 | C58: =VLOOKUP(B58,'UV台帐'!B:AL,2,0) | D58: =VLOOKUP(B58,'UV台帐'!B:AL,3,0) | E58: =VLOOKUP(B58,'UV台帐'!B:AL,13,0) | F58: =VLOOKUP(B58,'UV台帐'!B:AL,15,0) | G58: =VLOOKUP(B58,'UV台帐'!B:AL,16,0) | H58: =VLOOKUP(B58,'UV台帐'!B:AL,17,0) | I58: =VLOOKUP(B58,'UV台帐'!B:AL,18,0) | J58: =VLOOKUP(B58,'UV台帐'!B:AL,22,0) | K58: =VLOOKUP(B58,'UV台帐'!B:AL,24,0) | L58: =VLOOKUP(B58,'UV台帐'!B:AL,26,0) | M58: =VLOOKUP(B58,'UV台帐'!B:AL,27,0) | N58: =VLOOKUP(B58,'UV台帐'!B:AL,31,0) | O58: =VLOOKUP(B58,'UV台帐'!B:AL,33,0) | P58: =VLOOKUP(B58,'UV台帐'!B:AL,35,0) | Q58: =VLOOKUP(B58,'UV台帐'!B:AL,36,0) | S58: 否 | T58: 否 | Y58: 黄铭怡 | AA58: 刘希子 | AB58: 是 | AC58: 铭铭 | AD58: 是 | AE58: 戎凯01 | AF58: =VLOOKUP(B58,'UV台帐'!B:G,6,0) | AH58: 是 | AJ58: 妈妈有考虑语文英语，语文之前没有补过课，目前来说还是很满意的，就是担心希子老师有东北话口音，后续报名主要看孩子意愿；需要邀约家长过来体验一下课程；妈妈对于整个教培体系和流程很了解。 | AK58: 妈妈有考虑语文英语，语文之前没有补过课，目前来说还是很满意的，就是担心希子老师有东北话口音，后续报名主要看孩子意愿；需要邀约家长过来体验一下课程；妈妈对于整个教培体系和流程很了解。 | AL58: S | AN58: A | AO58: B | AP58: 铭铭：孩子比较腼腆，得解决孩子意愿问题，能够续报。 | AQ58: 是 | AS58: =COUNTIFS(H58,"零期",I58,"在读")+COUNTIFS(L58,"零期",M58,"在读")+COUNTIFS(P58,"零期",Q58,"在读") | AT58: =AS58-AX58 | AU58: =VLOOKUP(B58,'UV台帐'!B:AL,19,0) | AV58: =VLOOKUP(B58,'UV台帐'!B:AL,28,0) | AW58: =VLOOKUP(B58,'UV台帐'!B:AL,37,0) | AX58: =COUNTIFS(H58,"零期",AU58,"是")+COUNTIFS(L58,"零期",AV58,"是")+COUNTIFS(P58,"零期",AW58,"是") | AZ58: 家长说陈秉谦老有个性了，得陈秉谦想学；妈妈了解过后续学习内容；
A59: 新宝利 | B59: 4055682554 | C59: =VLOOKUP(B59,'UV台帐'!B:AL,2,0) | D59: =VLOOKUP(B59,'UV台帐'!B:AL,3,0) | E59: =VLOOKUP(B59,'UV台帐'!B:AL,13,0) | F59: =VLOOKUP(B59,'UV台帐'!B:AL,15,0) | G59: =VLOOKUP(B59,'UV台帐'!B:AL,16,0) | H59: =VLOOKUP(B59,'UV台帐'!B:AL,17,0) | I59: =VLOOKUP(B59,'UV台帐'!B:AL,18,0) | J59: =VLOOKUP(B59,'UV台帐'!B:AL,22,0) | K59: =VLOOKUP(B59,'UV台帐'!B:AL,24,0) | L59: =VLOOKUP(B59,'UV台帐'!B:AL,26,0) | M59: =VLOOKUP(B59,'UV台帐'!B:AL,27,0) | N59: =VLOOKUP(B59,'UV台帐'!B:AL,31,0) | O59: =VLOOKUP(B59,'UV台帐'!B:AL,33,0) | P59: =VLOOKUP(B59,'UV台帐'!B:AL,35,0) | Q59: =VLOOKUP(B59,'UV台帐'!B:AL,36,0) | S59: 是 | T59: 是 | W59: 田雨涵01,李润 | AA59: 李润 | AB59: 是 | AC59: 张敏烨 | AD59: 是 | AE59: 张敏烨 | AF59: =VLOOKUP(B59,'UV台帐'!B:G,6,0) | AG59: 侨中 | AH59: 是 | AI59: 29号下午返校 | AJ59: 聊了五分半，希望老师对于字迹严格要求下，孩子上课没有跟家长沟通过，之前有补习经历，有长期学的计划，但是觉得目前才第二节课还太早，可以多观察一下，说在忙就先挂了 | AK59: 聊了五分半，希望老师对于字迹严格要求下，孩子上课没有跟家长沟通过，之前有补习经历，有长期学的计划，但是觉得目前才第二节课还太早，可以多观察一下，说在忙就先挂了 | AL59: A | AM59: A | AN59: A | AO59: A | AP59: 数学有点跟不上；语文也弱，英语上课很沉默，担心效果不明显 | AQ59: 是 | AS59: =COUNTIFS(H59,"零期",I59,"在读")+COUNTIFS(L59,"零期",M59,"在读")+COUNTIFS(P59,"零期",Q59,"在读") | AT59: =AS59-AX59 | AU59: =VLOOKUP(B59,'UV台帐'!B:AL,19,0) | AV59: =VLOOKUP(B59,'UV台帐'!B:AL,28,0) | AW59: =VLOOKUP(B59,'UV台帐'!B:AL,37,0) | AX59: =COUNTIFS(H59,"零期",AU59,"是")+COUNTIFS(L59,"零期",AV59,"是")+COUNTIFS(P59,"零期",AW59,"是") | AZ59: 7号前给答复，三科都要学，英语科目，孩子喜欢语文，数学英语意向度比较高。 | BA59: 7.5号电联说还没和孩子沟通，不急不急
A60: 同创汇 | B60: 4078699077 | C60: =VLOOKUP(B60,'UV台帐'!B:AL,2,0) | D60: =VLOOKUP(B60,'UV台帐'!B:AL,3,0) | E60: =VLOOKUP(B60,'UV台帐'!B:AL,13,0) | F60: =VLOOKUP(B60,'UV台帐'!B:AL,15,0) | G60: =VLOOKUP(B60,'UV台帐'!B:AL,16,0) | H60: =VLOOKUP(B60,'UV台帐'!B:AL,17,0) | I60: =VLOOKUP(B60,'UV台帐'!B:AL,18,0) | J60: =VLOOKUP(B60,'UV台帐'!B:AL,22,0) | K60: =VLOOKUP(B60,'UV台帐'!B:AL,24,0) | L60: =VLOOKUP(B60,'UV台帐'!B:AL,26,0) | M60: =VLOOKUP(B60,'UV台帐'!B:AL,27,0) | N60: =VLOOKUP(B60,'UV台帐'!B:AL,31,0) | O60: =VLOOKUP(B60,'UV台帐'!B:AL,33,0) | P60: =VLOOKUP(B60,'UV台帐'!B:AL,35,0) | Q60: =VLOOKUP(B60,'UV台帐'!B:AL,36,0) | S60: 是 | T60: 是 | W60: 高心怡04 | Y60: 李润 | AA60: 李润 | AB60: 否 | AD60: 否 | AE60: 王丽 | AF60: =VLOOKUP(B60,'UV台帐'!B:G,6,0) | AG60: 省实越秀 | AH60: 是 | AI60: 没问题 | AJ60: 未接，微信留言。孩子主动要求坐第一排，觉得会比较安静，课堂上感觉还好，没有说其他的反馈 | AK60: 未接，微信留言。孩子主动要求坐第一排，觉得会比较安静，课堂上感觉还好，没有说其他的反馈 | AL60: A | AO60: A | AP60: 英语：孩子程度好愿意学 | AS60: =COUNTIFS(H60,"零期",I60,"在读")+COUNTIFS(L60,"零期",M60,"在读")+COUNTIFS(P60,"零期",Q60,"在读") | AT60: =AS60-AX60 | AU60: =VLOOKUP(B60,'UV台帐'!B:AL,19,0) | AV60: =VLOOKUP(B60,'UV台帐'!B:AL,28,0) | AW60: =VLOOKUP(B60,'UV台帐'!B:AL,37,0) | AX60: =COUNTIFS(H60,"零期",AU60,"是")+COUNTIFS(L60,"零期",AV60,"是")+COUNTIFS(P60,"零期",AW60,"是") | AZ60: 发了续报消息，问了秋季安排。英语做了补充题目，妈妈对孩子没什么自信；
A61: 新宝利 | B61: 4087881429 | C61: =VLOOKUP(B61,'UV台帐'!B:AL,2,0) | D61: =VLOOKUP(B61,'UV台帐'!B:AL,3,0) | E61: =VLOOKUP(B61,'UV台帐'!B:AL,13,0) | F61: =VLOOKUP(B61,'UV台帐'!B:AL,15,0) | G61: =VLOOKUP(B61,'UV台帐'!B:AL,16,0) | H61: =VLOOKUP(B61,'UV台帐'!B:AL,17,0) | I61: =VLOOKUP(B61,'UV台帐'!B:AL,18,0) | J61: =VLOOKUP(B61,'UV台帐'!B:AL,22,0) | K61: =VLOOKUP(B61,'UV台帐'!B:AL,24,0) | L61: =VLOOKUP(B61,'UV台帐'!B:AL,26,0) | M61: =VLOOKUP(B61,'UV台帐'!B:AL,27,0) | N61: =VLOOKUP(B61,'UV台帐'!B:AL,31,0) | O61: =VLOOKUP(B61,'UV台帐'!B:AL,33,0) | P61: =VLOOKUP(B61,'UV台帐'!B:AL,35,0) | Q61: =VLOOKUP(B61,'UV台帐'!B:AL,36,0) | S61: 是 | T61: 否 | Y61: 黄铭怡 | AA61: 黄铭怡 | AB61: 不确定 | AD61: 否 | AE61: 林志豪01 | AF61: =VLOOKUP(B61,'UV台帐'!B:G,6,0) | AG61: 一中 | AH61: 是 | AI61: 29号返校需要补课 | AJ61: 孩子之前有不过卓越3年语文，没提升后面没补课了，孩子阅读一直不好，需要办法提升，语文最想补课 | AK61: 孩子之前有不过卓越3年语文，没提升后面没补课了，孩子阅读一直不好，需要办法提升，语文最想补课 | AL61: A | AN61: A | AP61: 孩子之前有不过卓越3年语文，没提升后面没补课了，孩子阅读一直不好，需要办法提升，语文最想补课，且妈咪有问过正价课和安排 | AS61: =COUNTIFS(H61,"零期",I61,"在读")+COUNTIFS(L61,"零期",M61,"在读")+COUNTIFS(P61,"零期",Q61,"在读") | AT61: =AS61-AX61 | AU61: =VLOOKUP(B61,'UV台帐'!B:AL,19,0) | AV61: =VLOOKUP(B61,'UV台帐'!B:AL,28,0) | AW61: =VLOOKUP(B61,'UV台帐'!B:AL,37,0) | AX61: =COUNTIFS(H61,"零期",AU61,"是")+COUNTIFS(L61,"零期",AV61,"是")+COUNTIFS(P61,"零期",AW61,"是")
A62: 新宝利 | B62: 4090250168 | C62: =VLOOKUP(B62,'UV台帐'!B:AL,2,0) | D62: =VLOOKUP(B62,'UV台帐'!B:AL,3,0) | E62: =VLOOKUP(B62,'UV台帐'!B:AL,13,0) | F62: =VLOOKUP(B62,'UV台帐'!B:AL,15,0) | G62: =VLOOKUP(B62,'UV台帐'!B:AL,16,0) | H62: =VLOOKUP(B62,'UV台帐'!B:AL,17,0) | I62: =VLOOKUP(B62,'UV台帐'!B:AL,18,0) | J62: =VLOOKUP(B62,'UV台帐'!B:AL,22,0) | K62: =VLOOKUP(B62,'UV台帐'!B:AL,24,0) | L62: =VLOOKUP(B62,'UV台帐'!B:AL,26,0) | M62: =VLOOKUP(B62,'UV台帐'!B:AL,27,0) | N62: =VLOOKUP(B62,'UV台帐'!B:AL,31,0) | O62: =VLOOKUP(B62,'UV台帐'!B:AL,33,0) | P62: =VLOOKUP(B62,'UV台帐'!B:AL,35,0) | Q62: =VLOOKUP(B62,'UV台帐'!B:AL,36,0) | S62: 是 | T62: 是 | AA62: 黄铭怡 | AB62: 未回复 | AD62: 否 | AE62: 林志豪01 | AF62: =VLOOKUP(B62,'UV台帐'!B:G,6,0) | AH62: 是 | AJ62: 老生 | AK62: 老生 | AL62: S | AN62: S | AP62: 老生 | AS62: =COUNTIFS(H62,"零期",I62,"在读")+COUNTIFS(L62,"零期",M62,"在读")+COUNTIFS(P62,"零期",Q62,"在读") | AT62: =AS62-AX62 | AU62: =VLOOKUP(B62,'UV台帐'!B:AL,19,0) | AV62: =VLOOKUP(B62,'UV台帐'!B:AL,28,0) | AW62: =VLOOKUP(B62,'UV台帐'!B:AL,37,0) | AX62: =COUNTIFS(H62,"零期",AU62,"是")+COUNTIFS(L62,"零期",AV62,"是")+COUNTIFS(P62,"零期",AW62,"是")
A63: 新宝利 | B63: 4100299520 | C63: =VLOOKUP(B63,'UV台帐'!B:AL,2,0) | D63: =VLOOKUP(B63,'UV台帐'!B:AL,3,0) | E63: =VLOOKUP(B63,'UV台帐'!B:AL,13,0) | F63: =VLOOKUP(B63,'UV台帐'!B:AL,15,0) | G63: =VLOOKUP(B63,'UV台帐'!B:AL,16,0) | H63: =VLOOKUP(B63,'UV台帐'!B:AL,17,0) | I63: =VLOOKUP(B63,'UV台帐'!B:AL,18,0) | J63: =VLOOKUP(B63,'UV台帐'!B:AL,22,0) | K63: =VLOOKUP(B63,'UV台帐'!B:AL,24,0) | L63: =VLOOKUP(B63,'UV台帐'!B:AL,26,0) | M63: =VLOOKUP(B63,'UV台帐'!B:AL,27,0) | N63: =VLOOKUP(B63,'UV台帐'!B:AL,31,0) | O63: =VLOOKUP(B63,'UV台帐'!B:AL,33,0) | P63: =VLOOKUP(B63,'UV台帐'!B:AL,35,0) | Q63: =VLOOKUP(B63,'UV台帐'!B:AL,36,0) | S63: 否 | T63: 否 | W63: 李润 | AA63: 李润 | AB63: 是 | AC63: 陈亮延 | AD63: 否 | AE63: 陈亮延 | AF63: =VLOOKUP(B63,'UV台帐'!B:G,6,0) | AG63: 广附 | AH63: 是 | AI63: 对英语换师颇有微词，上课时间没问题 | AJ63: 妈妈对于孩子学习很重视，基本有空都会半陪读的状态，孩子比较胆小，比较喜欢温柔一点的老师。目前孩子对英语的课程最喜欢。妈妈希望各科老师都能在课后针对学科的薄弱点和孩子沟通一下吸收情况（和各科老师都有提）。后面孩子数学可能会继续在沃伦学，需要对比一下。语文和英语再看看，有长期学习的打算。后期孩子的意愿度是续班的关键。 | AK63: 妈妈对于孩子学习很重视，基本有空都会半陪读的状态，孩子比较胆小，比较喜欢温柔一点的老师。目前孩子对英语的课程最喜欢。妈妈希望各科老师都能在课后针对学科的薄弱点和孩子沟通一下吸收情况（和各科老师都有提）。后面孩子数学可能会继续在沃伦学，需要对比一下。语文和英语再看看，有长期学习的打算。后期孩子的意愿度是续班的关键。 | AL63: A | AN63: A | AO63: A | AP63: 语文：孩子程度中等，胆小不敢问，跟上广附有压力。对老师要求高，小润是孩子亲自选的。可以打老师这个点，适合的老师难求。卡点：课程的时间安排 英语：中上，会有主动回答问题。老师有计划升班。和老师提了需求。 数学：机会不大，家长对沃伦挺满意的，长期学习有效果。 | AS63: =COUNTIFS(H63,"零期",I63,"在读")+COUNTIFS(L63,"零期",M63,"在读")+COUNTIFS(P63,"零期",Q63,"在读") | AT63: =AS63-AX63 | AU63: =VLOOKUP(B63,'UV台帐'!B:AL,19,0) | AV63: =VLOOKUP(B63,'UV台帐'!B:AL,28,0) | AW63: =VLOOKUP(B63,'UV台帐'!B:AL,37,0) | AX63: =COUNTIFS(H63,"零期",AU63,"是")+COUNTIFS(L63,"零期",AV63,"是")+COUNTIFS(P63,"零期",AW63,"是")
A64: 同创汇 | B64: 4111183270 | C64: =VLOOKUP(B64,'UV台帐'!B:AL,2,0) | D64: =VLOOKUP(B64,'UV台帐'!B:AL,3,0) | E64: =VLOOKUP(B64,'UV台帐'!B:AL,13,0) | F64: =VLOOKUP(B64,'UV台帐'!B:AL,15,0) | G64: =VLOOKUP(B64,'UV台帐'!B:AL,16,0) | H64: =VLOOKUP(B64,'UV台帐'!B:AL,17,0) | I64: =VLOOKUP(B64,'UV台帐'!B:AL,18,0) | J64: =VLOOKUP(B64,'UV台帐'!B:AL,22,0) | K64: =VLOOKUP(B64,'UV台帐'!B:AL,24,0) | L64: =VLOOKUP(B64,'UV台帐'!B:AL,26,0) | M64: =VLOOKUP(B64,'UV台帐'!B:AL,27,0) | N64: =VLOOKUP(B64,'UV台帐'!B:AL,31,0) | O64: =VLOOKUP(B64,'UV台帐'!B:AL,33,0) | P64: =VLOOKUP(B64,'UV台帐'!B:AL,35,0) | Q64: =VLOOKUP(B64,'UV台帐'!B:AL,36,0) | S64: 是 | T64: 是 | U64: 刘希子 | Y64: 李润 | AA64: 陈中帅 | AB64: 是 | AC64: 龙倩敏 | AD64: 是 | AE64: 龙倩敏 | AF64: =VLOOKUP(B64,'UV台帐'!B:G,6,0) | AG64: 育才zdb | AH64: 是 | AI64: 可正常来上课，学生7月9日-10日要调班到数B英C语D | AJ64: 家长表示都很满意，老师各个方便都跟的很紧，但孩子回家做作业很拖拉，第一天做到了11点，第二天9点半，妈妈希望老师和孩子规定一下具体每一科的课后做题时间，孩子之前没有上过系统补习班，只要过五年级的ket冲刺班，10天课程，妈妈表示就上班事情比较多，没有办法及时看群消息，家里还有一位小宝2年级 | AK64: 家长表示都很满意，老师各个方便都跟的很紧，但孩子回家做作业很拖拉，第一天做到了11点，第二天9点半，妈妈希望老师和孩子规定一下具体每一科的课后做题时间，孩子之前没有上过系统补习班，只要过五年级的ket冲刺班，10天课程，妈妈表示就上班事情比较多，没有办法及时看群消息，家里还有一位小宝2年级 | AL64: A | AM64: B | AN64: B | AO64: B | AP64: 需要老师要求规定课后作业完成时间 | AQ64: 是 | AR64: 家长满意度：考虑中、价格稍高、时间 | AS64: =COUNTIFS(H64,"零期",I64,"在读")+COUNTIFS(L64,"零期",M64,"在读")+COUNTIFS(P64,"零期",Q64,"在读") | AT64: =AS64-AX64 | AU64: =VLOOKUP(B64,'UV台帐'!B:AL,19,0) | AV64: =VLOOKUP(B64,'UV台帐'!B:AL,28,0) | AW64: =VLOOKUP(B64,'UV台帐'!B:AL,37,0) | AX64: =COUNTIFS(H64,"零期",AU64,"是")+COUNTIFS(L64,"零期",AV64,"是")+COUNTIFS(P64,"零期",AW64,"是") | AZ64: 家长对课程非常满意，但孩子没有补过课程，对系统补课有点抗拒，但家长说有超出预期，爸爸主导，爸爸表示一定要孩子主动点头说愿意过来学才报，爸爸最后留言说希望3位老师多多鼓励夸夸孩子，这样才主动愿意来学，孩子现在唯一在学的课程是孩子主动要报的美术课（爸爸说是因为老师多夸孩子），妈妈觉得数学秋季的时间的不太好，孩子很容易犯困
A65: 同创汇 | B65: 4149980338 | C65: =VLOOKUP(B65,'UV台帐'!B:AL,2,0) | D65: =VLOOKUP(B65,'UV台帐'!B:AL,3,0) | E65: =VLOOKUP(B65,'UV台帐'!B:AL,13,0) | F65: =VLOOKUP(B65,'UV台帐'!B:AL,15,0) | G65: =VLOOKUP(B65,'UV台帐'!B:AL,16,0) | H65: =VLOOKUP(B65,'UV台帐'!B:AL,17,0) | I65: =VLOOKUP(B65,'UV台帐'!B:AL,18,0) | J65: =VLOOKUP(B65,'UV台帐'!B:AL,22,0) | K65: =VLOOKUP(B65,'UV台帐'!B:AL,24,0) | L65: =VLOOKUP(B65,'UV台帐'!B:AL,26,0) | M65: =VLOOKUP(B65,'UV台帐'!B:AL,27,0) | N65: =VLOOKUP(B65,'UV台帐'!B:AL,31,0) | O65: =VLOOKUP(B65,'UV台帐'!B:AL,33,0) | P65: =VLOOKUP(B65,'UV台帐'!B:AL,35,0) | Q65: =VLOOKUP(B65,'UV台帐'!B:AL,36,0) | S65: 是 | T65: 是 | AA65: 陈中帅 | AB65: 是 | AC65: / | AD65: 是 | AE65: 王丽 | AF65: =VLOOKUP(B65,'UV台帐'!B:G,6,0) | AH65: 是 | AI65: 2026/7/10要返校，不知道要不要去一天，家长更倾向于补课，调课因为时间原因调不了 | AJ65: 老生已经暑秋连报 | AK65: 老生已经暑秋连报 | AL65: S | AQ65: 是 | AS65: =COUNTIFS(H65,"零期",I65,"在读")+COUNTIFS(L65,"零期",M65,"在读")+COUNTIFS(P65,"零期",Q65,"在读") | AT65: =AS65-AX65 | AU65: =VLOOKUP(B65,'UV台帐'!B:AL,19,0) | AV65: =VLOOKUP(B65,'UV台帐'!B:AL,28,0) | AW65: =VLOOKUP(B65,'UV台帐'!B:AL,37,0) | AX65: =COUNTIFS(H65,"零期",AU65,"是")+COUNTIFS(L65,"零期",AV65,"是")+COUNTIFS(P65,"零期",AW65,"是") | AZ65: 孩子回家打卡安排。
A66: 新宝利 | B66: 4151361146 | C66: =VLOOKUP(B66,'UV台帐'!B:AL,2,0) | D66: =VLOOKUP(B66,'UV台帐'!B:AL,3,0) | E66: =VLOOKUP(B66,'UV台帐'!B:AL,13,0) | F66: =VLOOKUP(B66,'UV台帐'!B:AL,15,0) | G66: =VLOOKUP(B66,'UV台帐'!B:AL,16,0) | H66: =VLOOKUP(B66,'UV台帐'!B:AL,17,0) | I66: =VLOOKUP(B66,'UV台帐'!B:AL,18,0) | J66: =VLOOKUP(B66,'UV台帐'!B:AL,22,0) | K66: =VLOOKUP(B66,'UV台帐'!B:AL,24,0) | L66: =VLOOKUP(B66,'UV台帐'!B:AL,26,0) | M66: =VLOOKUP(B66,'UV台帐'!B:AL,27,0) | N66: =VLOOKUP(B66,'UV台帐'!B:AL,31,0) | O66: =VLOOKUP(B66,'UV台帐'!B:AL,33,0) | P66: =VLOOKUP(B66,'UV台帐'!B:AL,35,0) | Q66: =VLOOKUP(B66,'UV台帐'!B:AL,36,0) | S66: 是 | T66: 否 | U66: 黄铭怡 | AA66: 黄铭怡 | AB66: 是 | AC66: 朱悦涵 | AD66: 是 | AE66: 杨林33 | AF66: =VLOOKUP(B66,'UV台帐'!B:G,6,0) | AG66: 三中 | AH66: 是 | AI66: 家长在忙，暂时时间没有问题。 | AJ66: 三中重点班，妈妈反馈比较平淡，父母做档口生意的，问了秋季学习的意向，妈妈反馈我们的题目比较简单，比不上进阶和学而思的难度，已经初步解释。 | AK66: 三中重点班，妈妈反馈比较平淡，父母做档口生意的，问了秋季学习的意向，妈妈反馈我们的题目比较简单，比不上进阶和学而思的难度，已经初步解释。 | AL66: B | AM66: B | AN66: B | AO66: B | AP66: 妈妈比较忙，没太多时间关注孩子，爸爸之前询问秋季课程的安排，应该是有秋季课程的规划，目前妈妈比较忙没时间沟通是卡点，以及对课程感知一般 | AQ66: 是 | AS66: =COUNTIFS(H66,"零期",I66,"在读")+COUNTIFS(L66,"零期",M66,"在读")+COUNTIFS(P66,"零期",Q66,"在读") | AT66: =AS66-AX66 | AU66: =VLOOKUP(B66,'UV台帐'!B:AL,19,0) | AV66: =VLOOKUP(B66,'UV台帐'!B:AL,28,0) | AW66: =VLOOKUP(B66,'UV台帐'!B:AL,37,0) | AX66: =COUNTIFS(H66,"零期",AU66,"是")+COUNTIFS(L66,"零期",AV66,"是")+COUNTIFS(P66,"零期",AW66,"是") | AZ66: B类
A67: 新宝利 | B67: 4155497428 | C67: =VLOOKUP(B67,'UV台帐'!B:AL,2,0) | D67: =VLOOKUP(B67,'UV台帐'!B:AL,3,0) | E67: =VLOOKUP(B67,'UV台帐'!B:AL,13,0) | F67: =VLOOKUP(B67,'UV台帐'!B:AL,15,0) | G67: =VLOOKUP(B67,'UV台帐'!B:AL,16,0) | H67: =VLOOKUP(B67,'UV台帐'!B:AL,17,0) | I67: =VLOOKUP(B67,'UV台帐'!B:AL,18,0) | J67: =VLOOKUP(B67,'UV台帐'!B:AL,22,0) | K67: =VLOOKUP(B67,'UV台帐'!B:AL,24,0) | L67: =VLOOKUP(B67,'UV台帐'!B:AL,26,0) | M67: =VLOOKUP(B67,'UV台帐'!B:AL,27,0) | N67: =VLOOKUP(B67,'UV台帐'!B:AL,31,0) | O67: =VLOOKUP(B67,'UV台帐'!B:AL,33,0) | P67: =VLOOKUP(B67,'UV台帐'!B:AL,35,0) | Q67: =VLOOKUP(B67,'UV台帐'!B:AL,36,0) | S67: 是 | T67: 否 | Y67: 陈中帅 | AA67: 陈中帅 | AB67: 是 | AC67: 杨林 | AD67: 是 | AE67: 杨林33 | AF67: =VLOOKUP(B67,'UV台帐'!B:G,6,0) | AG67: 三中 | AH67: 是 | AI67: 7.3日下午数学会冲突 | AJ67: 25分钟分层走班，英语在外面补习。语文数学有兴趣秋季，已经报过价格，语文想体验后再考虑，报名不着急，周日家长会邀约，妈妈明说已经在其他地方报了秋季课，这边学的好那边随时可以退的 | AK67: 25分钟分层走班，英语在外面补习。语文数学有兴趣秋季，已经报过价格，语文想体验后再考虑，报名不着急，周日家长会邀约，妈妈明说已经在其他地方报了秋季课，这边学的好那边随时可以退的 | AL67: A | AM67: A | AP67: 学的好会报，比较看重学习效果，卡点在于在其他机构已经安排了秋季的课程，妈妈的原话是学的好考虑这边，那边的课程随时可以退 | AQ67: 是 | AS67: =COUNTIFS(H67,"零期",I67,"在读")+COUNTIFS(L67,"零期",M67,"在读")+COUNTIFS(P67,"零期",Q67,"在读") | AT67: =AS67-AX67 | AU67: =VLOOKUP(B67,'UV台帐'!B:AL,19,0) | AV67: =VLOOKUP(B67,'UV台帐'!B:AL,28,0) | AW67: =VLOOKUP(B67,'UV台帐'!B:AL,37,0) | AX67: =COUNTIFS(H67,"零期",AU67,"是")+COUNTIFS(L67,"零期",AV67,"是")+COUNTIFS(P67,"零期",AW67,"是") | AZ67: A
A68: 同创汇 | B68: 4183729955 | C68: =VLOOKUP(B68,'UV台帐'!B:AL,2,0) | D68: =VLOOKUP(B68,'UV台帐'!B:AL,3,0) | E68: =VLOOKUP(B68,'UV台帐'!B:AL,13,0) | F68: =VLOOKUP(B68,'UV台帐'!B:AL,15,0) | G68: =VLOOKUP(B68,'UV台帐'!B:AL,16,0) | H68: =VLOOKUP(B68,'UV台帐'!B:AL,17,0) | I68: =VLOOKUP(B68,'UV台帐'!B:AL,18,0) | J68: =VLOOKUP(B68,'UV台帐'!B:AL,22,0) | K68: =VLOOKUP(B68,'UV台帐'!B:AL,24,0) | L68: =VLOOKUP(B68,'UV台帐'!B:AL,26,0) | M68: =VLOOKUP(B68,'UV台帐'!B:AL,27,0) | N68: =VLOOKUP(B68,'UV台帐'!B:AL,31,0) | O68: =VLOOKUP(B68,'UV台帐'!B:AL,33,0) | P68: =VLOOKUP(B68,'UV台帐'!B:AL,35,0) | Q68: =VLOOKUP(B68,'UV台帐'!B:AL,36,0) | S68: 否 | T68: 否 | U68: 陈南05 | AA68: 陈中帅 | AB68: 是 | AD68: 否 | AE68: 苏丽婷 | AF68: =VLOOKUP(B68,'UV台帐'!B:G,6,0) | AG68: 白云铁一 | AH68: 是 | AI68: 妈妈表示校内有活动，但是校内会请假让孩子来我们这边上课，可正常来上课 | AJ68: 白云的家长妈妈说都比较佛系的，之前是线上课补了学科，孩子不是很喜欢，也有钢琴兴趣班考了五级，报课面谈过，对孩子得学习期望是往艺术上面长期培养，将来可以考国外的大学，孩子学习劲头是很足的，上课喜欢开小差，下次课给孩子座位往前调一下，不要和太熟的同学坐一起，不用跟孩子商量的，喜欢积分卡，喜欢展示自己，秋季是去白云铁一上课，了解到会参加学校的分班测考试，秋季不用住宿，续班秋季顾虑摸了一下家长，住白云过来地铁1h，孩子自己上下课，家长忙 | AK68: 白云的家长妈妈说都比较佛系的，之前是线上课补了学科，孩子不是很喜欢，也有钢琴兴趣班考了五级，报课面谈过，对孩子得学习期望是往艺术上面长期培养，将来可以考国外的大学，孩子学习劲头是很足的，上课喜欢开小差，下次课给孩子座位往前调一下，不要和太熟的同学坐一起，不用跟孩子商量的，喜欢积分卡，喜欢展示自己，秋季是去白云铁一上课，了解到会参加学校的分班测考试，秋季不用住宿，续班秋季顾虑摸了一下家长，住白云过来地铁1h，孩子自己上下课，家长忙 | AL68: A | AM68: B | AN68: B | AO68: B | AP68: 中帅：判B，住白云嘉禾，距离远 陈南： 距离问题 刘希子： | AQ68: 是 | AS68: =COUNTIFS(H68,"零期",I68,"在读")+COUNTIFS(L68,"零期",M68,"在读")+COUNTIFS(P68,"零期",Q68,"在读") | AT68: =AS68-AX68 | AU68: =VLOOKUP(B68,'UV台帐'!B:AL,19,0) | AV68: =VLOOKUP(B68,'UV台帐'!B:AL,28,0) | AW68: =VLOOKUP(B68,'UV台帐'!B:AL,37,0) | AX68: =COUNTIFS(H68,"零期",AU68,"是")+COUNTIFS(L68,"零期",AV68,"是")+COUNTIFS(P68,"零期",AW68,"是") | AZ68: 嘉禾望岗；考虑新宝利；秋季填的大概率会报；
A69: 新宝利 | B69: 4190977864 | C69: =VLOOKUP(B69,'UV台帐'!B:AL,2,0) | D69: =VLOOKUP(B69,'UV台帐'!B:AL,3,0) | E69: =VLOOKUP(B69,'UV台帐'!B:AL,13,0) | F69: =VLOOKUP(B69,'UV台帐'!B:AL,15,0) | G69: =VLOOKUP(B69,'UV台帐'!B:AL,16,0) | H69: =VLOOKUP(B69,'UV台帐'!B:AL,17,0) | I69: =VLOOKUP(B69,'UV台帐'!B:AL,18,0) | J69: =VLOOKUP(B69,'UV台帐'!B:AL,22,0) | K69: =VLOOKUP(B69,'UV台帐'!B:AL,24,0) | L69: =VLOOKUP(B69,'UV台帐'!B:AL,26,0) | M69: =VLOOKUP(B69,'UV台帐'!B:AL,27,0) | N69: =VLOOKUP(B69,'UV台帐'!B:AL,31,0) | O69: =VLOOKUP(B69,'UV台帐'!B:AL,33,0) | P69: =VLOOKUP(B69,'UV台帐'!B:AL,35,0) | Q69: =VLOOKUP(B69,'UV台帐'!B:AL,36,0) | S69: 是 | T69: 是 | Y69: 肖锐03 | AA69: 肖锐03 | AB69: 是 | AC69: 铭铭 | AD69: 是 | AE69: 杨林33 | AF69: =VLOOKUP(B69,'UV台帐'!B:G,6,0) | AG69: 三中 | AH69: 是 | AI69: 时间目前无冲突 | AJ69: 孩子对三科老师很喜欢，孩子背诵完容易遗忘，在这边上课目前还是比较满意，摇号去了三中，比较关注分层考，秋季报了乐读，问妈妈秋季的打算，妈妈反馈上完对比之后再做决定 | AK69: 孩子对三科老师很喜欢，孩子背诵完容易遗忘，在这边上课目前还是比较满意，摇号去了三中，比较关注分层考，秋季报了乐读，问妈妈秋季的打算，妈妈反馈上完对比之后再做决定 | AL69: C | AM69: C | AN69: C | AO69: C | AP69: 认可课程服务，卡点在于乐读已经报乐秋季的课程，孩子之前没上过线下的课程， 都是线上的为主，后续会涉及到线上线下的课程对比 | AQ69: 是 | AS69: =COUNTIFS(H69,"零期",I69,"在读")+COUNTIFS(L69,"零期",M69,"在读")+COUNTIFS(P69,"零期",Q69,"在读") | AT69: =AS69-AX69 | AU69: =VLOOKUP(B69,'UV台帐'!B:AL,19,0) | AV69: =VLOOKUP(B69,'UV台帐'!B:AL,28,0) | AW69: =VLOOKUP(B69,'UV台帐'!B:AL,37,0) | AX69: =COUNTIFS(H69,"零期",AU69,"是")+COUNTIFS(L69,"零期",AV69,"是")+COUNTIFS(P69,"零期",AW69,"是") | AZ69: 对比乐读，先了解，孩子满意。
A70: 新宝利 | B70: 4197197873 | C70: =VLOOKUP(B70,'UV台帐'!B:AL,2,0) | D70: =VLOOKUP(B70,'UV台帐'!B:AL,3,0) | E70: =VLOOKUP(B70,'UV台帐'!B:AL,13,0) | F70: =VLOOKUP(B70,'UV台帐'!B:AL,15,0) | G70: =VLOOKUP(B70,'UV台帐'!B:AL,16,0) | H70: =VLOOKUP(B70,'UV台帐'!B:AL,17,0) | I70: =VLOOKUP(B70,'UV台帐'!B:AL,18,0) | J70: =VLOOKUP(B70,'UV台帐'!B:AL,22,0) | K70: =VLOOKUP(B70,'UV台帐'!B:AL,24,0) | L70: =VLOOKUP(B70,'UV台帐'!B:AL,26,0) | M70: =VLOOKUP(B70,'UV台帐'!B:AL,27,0) | N70: =VLOOKUP(B70,'UV台帐'!B:AL,31,0) | O70: =VLOOKUP(B70,'UV台帐'!B:AL,33,0) | P70: =VLOOKUP(B70,'UV台帐'!B:AL,35,0) | Q70: =VLOOKUP(B70,'UV台帐'!B:AL,36,0) | S70: 否 | T70: 否 | W70: 田雨涵01,肖锐03 | AA70: 田雨涵01 | AB70: 是 | AC70: 戎凯 | AD70: 否 | AE70: 王丽 | AF70: =VLOOKUP(B70,'UV台帐'!B:G,6,0) | AG70: 等名德消息，初步先定去白省 | AH70: 是 | AI70: 7.9散学典礼，上午的语文开通回放 | AJ70: 未接，微信先留言。孩子程度比较不错，第一节课觉得有些简单，第二节课感觉还可以了，可以适应。但因为字迹有点乱笔记没有做好，被数学老师批评了，有些不开心，其他感觉都可以。秋季课现在还在等能定在哪个学校再做定夺 | AK70: 未接，微信先留言。孩子程度比较不错，第一节课觉得有些简单，第二节课感觉还可以了，可以适应。但因为字迹有点乱笔记没有做好，被数学老师批评了，有些不开心，其他感觉都可以。秋季课现在还在等能定在哪个学校再做定夺 | AL70: A | AS70: =COUNTIFS(H70,"零期",I70,"在读")+COUNTIFS(L70,"零期",M70,"在读")+COUNTIFS(P70,"零期",Q70,"在读") | AT70: =AS70-AX70 | AU70: =VLOOKUP(B70,'UV台帐'!B:AL,19,0) | AV70: =VLOOKUP(B70,'UV台帐'!B:AL,28,0) | AW70: =VLOOKUP(B70,'UV台帐'!B:AL,37,0) | AX70: =COUNTIFS(H70,"零期",AU70,"是")+COUNTIFS(L70,"零期",AV70,"是")+COUNTIFS(P70,"零期",AW70,"是")
A71: 新宝利 | B71: 4199533248 | C71: =VLOOKUP(B71,'UV台帐'!B:AL,2,0) | D71: =VLOOKUP(B71,'UV台帐'!B:AL,3,0) | E71: =VLOOKUP(B71,'UV台帐'!B:AL,13,0) | F71: =VLOOKUP(B71,'UV台帐'!B:AL,15,0) | G71: =VLOOKUP(B71,'UV台帐'!B:AL,16,0) | H71: =VLOOKUP(B71,'UV台帐'!B:AL,17,0) | I71: =VLOOKUP(B71,'UV台帐'!B:AL,18,0) | J71: =VLOOKUP(B71,'UV台帐'!B:AL,22,0) | K71: =VLOOKUP(B71,'UV台帐'!B:AL,24,0) | L71: =VLOOKUP(B71,'UV台帐'!B:AL,26,0) | M71: =VLOOKUP(B71,'UV台帐'!B:AL,27,0) | N71: =VLOOKUP(B71,'UV台帐'!B:AL,31,0) | O71: =VLOOKUP(B71,'UV台帐'!B:AL,33,0) | P71: =VLOOKUP(B71,'UV台帐'!B:AL,35,0) | Q71: =VLOOKUP(B71,'UV台帐'!B:AL,36,0) | S71: 是 | T71: 是 | W71: 肖锐03 | AA71: 黄铭怡 | AB71: 是 | AC71: 陈中帅 | AD71: 是 | AE71: 林志豪01 | AF71: =VLOOKUP(B71,'UV台帐'!B:G,6,0) | AG71: 三中 | AH71: 是 | AJ71: 觉得三科老师很好，每天很及时反馈，妈咪说也有每天回去和孩子聊，觉得语文是最喜欢，觉得数学老师严格看的紧，孩子是数学薄弱，会关注孩子后面几节课掌握情况，秋季再看看学习情况和开学后情况考虑 | AK71: 觉得三科老师很好，每天很及时反馈，妈咪说也有每天回去和孩子聊，觉得语文是最喜欢，觉得数学老师严格看的紧，孩子是数学薄弱，会关注孩子后面几节课掌握情况，秋季再看看学习情况和开学后情况考虑 | AL71: A | AM71: A | AN71: B | AO71: C | AP71: 觉得三科老师很好，每天很及时反馈，妈咪说也有每天回去和孩子聊，觉得语文是最喜欢，觉得数学老师严格看的紧，孩子是数学薄弱，会关注孩子后面几节课掌握情况，秋季再看看学习情况和开学后情况考虑 | AQ71: 是 | AS71: =COUNTIFS(H71,"零期",I71,"在读")+COUNTIFS(L71,"零期",M71,"在读")+COUNTIFS(P71,"零期",Q71,"在读") | AT71: =AS71-AX71 | AU71: =VLOOKUP(B71,'UV台帐'!B:AL,19,0) | AV71: =VLOOKUP(B71,'UV台帐'!B:AL,28,0) | AW71: =VLOOKUP(B71,'UV台帐'!B:AL,37,0) | AX71: =COUNTIFS(H71,"零期",AU71,"是")+COUNTIFS(L71,"零期",AV71,"是")+COUNTIFS(P71,"零期",AW71,"是") | AZ71: 着急走，没细聊，了解价格和报告，2-3分钟，价格敏感，孩子觉得语文英语好，妈妈想让他学数学，英语没戏。
A72: 同创汇 | B72: 4231131337 | C72: =VLOOKUP(B72,'UV台帐'!B:AL,2,0) | D72: =VLOOKUP(B72,'UV台帐'!B:AL,3,0) | E72: =VLOOKUP(B72,'UV台帐'!B:AL,13,0) | F72: =VLOOKUP(B72,'UV台帐'!B:AL,15,0) | G72: =VLOOKUP(B72,'UV台帐'!B:AL,16,0) | H72: =VLOOKUP(B72,'UV台帐'!B:AL,17,0) | I72: =VLOOKUP(B72,'UV台帐'!B:AL,18,0) | J72: =VLOOKUP(B72,'UV台帐'!B:AL,22,0) | K72: =VLOOKUP(B72,'UV台帐'!B:AL,24,0) | L72: =VLOOKUP(B72,'UV台帐'!B:AL,26,0) | M72: =VLOOKUP(B72,'UV台帐'!B:AL,27,0) | N72: =VLOOKUP(B72,'UV台帐'!B:AL,31,0) | O72: =VLOOKUP(B72,'UV台帐'!B:AL,33,0) | P72: =VLOOKUP(B72,'UV台帐'!B:AL,35,0) | Q72: =VLOOKUP(B72,'UV台帐'!B:AL,36,0) | S72: 是 | T72: 是 | Y72: 刘希子,陈中帅 | AA72: 陈中帅 | AB72: 是 | AC72: 杨林 | AD72: 是 | AE72: 戎凯01 | AF72: =VLOOKUP(B72,'UV台帐'!B:G,6,0) | AG72: 16中 | AH72: 是 | AI72: 29号下午参加毕业典礼，已经说了开回放 | AJ72: 希望在语文参加一下竞赛，增强一下自信心，小学没咋上过辅导班，孩子羡慕人家在冰心杯拿奖。希望在做一下分班（希望在难一点的班型）发价格做了解； | AK72: 希望在语文参加一下竞赛，增强一下自信心，小学没咋上过辅导班，孩子羡慕人家在冰心杯拿奖。希望在做一下分班（希望在难一点的班型）发价格做了解； | AL72: S | AM72: A | AN72: A | AO72: A | AQ72: 否 | AS72: =COUNTIFS(H72,"零期",I72,"在读")+COUNTIFS(L72,"零期",M72,"在读")+COUNTIFS(P72,"零期",Q72,"在读") | AT72: =AS72-AX72 | AU72: =VLOOKUP(B72,'UV台帐'!B:AL,19,0) | AV72: =VLOOKUP(B72,'UV台帐'!B:AL,28,0) | AW72: =VLOOKUP(B72,'UV台帐'!B:AL,37,0) | AX72: =COUNTIFS(H72,"零期",AU72,"是")+COUNTIFS(L72,"零期",AV72,"是")+COUNTIFS(P72,"零期",AW72,"是") | AZ72: 妈妈意向三科，非决策人；妈妈不在各个VIP群里，爸爸在群里。目前妈妈对于课程和老师有兴趣，想学三科；但是要和爸爸沟通再做决定。建议跟爸爸沟通后大概率能续的。有支付能力；等爸爸给答复决策
A73: 同创汇 | B73: 4247653400 | C73: =VLOOKUP(B73,'UV台帐'!B:AL,2,0) | D73: =VLOOKUP(B73,'UV台帐'!B:AL,3,0) | E73: =VLOOKUP(B73,'UV台帐'!B:AL,13,0) | F73: =VLOOKUP(B73,'UV台帐'!B:AL,15,0) | G73: =VLOOKUP(B73,'UV台帐'!B:AL,16,0) | H73: =VLOOKUP(B73,'UV台帐'!B:AL,17,0) | I73: =VLOOKUP(B73,'UV台帐'!B:AL,18,0) | J73: =VLOOKUP(B73,'UV台帐'!B:AL,22,0) | K73: =VLOOKUP(B73,'UV台帐'!B:AL,24,0) | L73: =VLOOKUP(B73,'UV台帐'!B:AL,26,0) | M73: =VLOOKUP(B73,'UV台帐'!B:AL,27,0) | N73: =VLOOKUP(B73,'UV台帐'!B:AL,31,0) | O73: =VLOOKUP(B73,'UV台帐'!B:AL,33,0) | P73: =VLOOKUP(B73,'UV台帐'!B:AL,35,0) | Q73: =VLOOKUP(B73,'UV台帐'!B:AL,36,0) | S73: 是 | T73: 否 | Y73: 刘希子 | AA73: 刘希子 | AB73: 否 | AD73: 否 | AE73: 王丽 | AF73: =VLOOKUP(B73,'UV台帐'!B:G,6,0) | AH73: 是 | AI73: 没问题，英语0期，数学语文1期上 | AJ73: 孩子第一节课请假了，第二节课感觉上的挺好挺开心的。之前春季想报名了，结果我们关班了，孩子有点不想上太多辅导课，妈妈是希望孩子学的，但是也需要孩子愿意，需要多上几节课看看 | AK73: 孩子第一节课请假了，第二节课感觉上的挺好挺开心的。之前春季想报名了，结果我们关班了，孩子有点不想上太多辅导课，妈妈是希望孩子学的，但是也需要孩子愿意，需要多上几节课看看 | AL73: A | AO73: B | AS73: =COUNTIFS(H73,"零期",I73,"在读")+COUNTIFS(L73,"零期",M73,"在读")+COUNTIFS(P73,"零期",Q73,"在读") | AT73: =AS73-AX73 | AU73: =VLOOKUP(B73,'UV台帐'!B:AL,19,0) | AV73: =VLOOKUP(B73,'UV台帐'!B:AL,28,0) | AW73: =VLOOKUP(B73,'UV台帐'!B:AL,37,0) | AX73: =COUNTIFS(H73,"零期",AU73,"是")+COUNTIFS(L73,"零期",AV73,"是")+COUNTIFS(P73,"零期",AW73,"是") | AZ73: 去了新东方，弟弟也在新东方。新东方很难，不适应。有考虑我们
A74: 新宝利 | B74: 4250803345 | C74: =VLOOKUP(B74,'UV台帐'!B:AL,2,0) | D74: =VLOOKUP(B74,'UV台帐'!B:AL,3,0) | E74: =VLOOKUP(B74,'UV台帐'!B:AL,13,0) | F74: =VLOOKUP(B74,'UV台帐'!B:AL,15,0) | G74: =VLOOKUP(B74,'UV台帐'!B:AL,16,0) | H74: =VLOOKUP(B74,'UV台帐'!B:AL,17,0) | I74: =VLOOKUP(B74,'UV台帐'!B:AL,18,0) | J74: =VLOOKUP(B74,'UV台帐'!B:AL,22,0) | K74: =VLOOKUP(B74,'UV台帐'!B:AL,24,0) | L74: =VLOOKUP(B74,'UV台帐'!B:AL,26,0) | M74: =VLOOKUP(B74,'UV台帐'!B:AL,27,0) | N74: =VLOOKUP(B74,'UV台帐'!B:AL,31,0) | O74: =VLOOKUP(B74,'UV台帐'!B:AL,33,0) | P74: =VLOOKUP(B74,'UV台帐'!B:AL,35,0) | Q74: =VLOOKUP(B74,'UV台帐'!B:AL,36,0) | S74: 是 | T74: 否 | W74: 田雨涵01,肖锐03 | AA74: 李润 | AB74: 是 | AC74: 裴剑锋 | AD74: 是 | AE74: 杨林33 | AF74: =VLOOKUP(B74,'UV台帐'!B:G,6,0) | AG74: 十三中 | AH74: 是 | AI74: 时间无冲突，毕业典礼已经结束，有长期学习的想法，对新老师不去确定，需要老师重点关注 | AJ74: 孩子反馈整体课程还是不错，对课程服务是认可的，管理秋季的学习妈妈不着急，想看开学后校内的情况 | AK74: 孩子反馈整体课程还是不错，对课程服务是认可的，管理秋季的学习妈妈不着急，想看开学后校内的情况 | AL74: B | AM74: B | AN74: B | AO74: B | AP74: 妈妈对课程的认可还不错，有秋季安排的打算，目前卡点在于想等开学后根据学校情况再做决定 | AQ74: 是 | AS74: =COUNTIFS(H74,"零期",I74,"在读")+COUNTIFS(L74,"零期",M74,"在读")+COUNTIFS(P74,"零期",Q74,"在读") | AT74: =AS74-AX74 | AU74: =VLOOKUP(B74,'UV台帐'!B:AL,19,0) | AV74: =VLOOKUP(B74,'UV台帐'!B:AL,28,0) | AW74: =VLOOKUP(B74,'UV台帐'!B:AL,37,0) | AX74: =COUNTIFS(H74,"零期",AU74,"是")+COUNTIFS(L74,"零期",AV74,"是")+COUNTIFS(P74,"零期",AW74,"是") | AZ74: 妈妈认可课程，也知道要学习；也想帮孩子报读三科。但是价格是问题，表示经济下行，如果有更多优惠就可以现在决策；但是因为费用问题，需要拿出那么多钱，得和爸爸沟通一下费用问题；今明两天给答复。异议2就是时间问题，还有个艺术兴趣，爸妈是想支持的，还没有定这个课程的时间。
A75: 同创汇 | B75: 4267765050 | C75: =VLOOKUP(B75,'UV台帐'!B:AL,2,0) | D75: =VLOOKUP(B75,'UV台帐'!B:AL,3,0) | E75: =VLOOKUP(B75,'UV台帐'!B:AL,13,0) | F75: =VLOOKUP(B75,'UV台帐'!B:AL,15,0) | G75: =VLOOKUP(B75,'UV台帐'!B:AL,16,0) | H75: =VLOOKUP(B75,'UV台帐'!B:AL,17,0) | I75: =VLOOKUP(B75,'UV台帐'!B:AL,18,0) | J75: =VLOOKUP(B75,'UV台帐'!B:AL,22,0) | K75: =VLOOKUP(B75,'UV台帐'!B:AL,24,0) | L75: =VLOOKUP(B75,'UV台帐'!B:AL,26,0) | M75: =VLOOKUP(B75,'UV台帐'!B:AL,27,0) | N75: =VLOOKUP(B75,'UV台帐'!B:AL,31,0) | O75: =VLOOKUP(B75,'UV台帐'!B:AL,33,0) | P75: =VLOOKUP(B75,'UV台帐'!B:AL,35,0) | Q75: =VLOOKUP(B75,'UV台帐'!B:AL,36,0) | S75: 是 | T75: 是 | U75: 高心怡04 | W75: 陈中帅 | AA75: 高心怡04 | AB75: 否 | AC75: 王达 | AD75: 否 | AE75: 王达04 | AF75: =VLOOKUP(B75,'UV台帐'!B:G,6,0) | AG75: 铁一 | AH75: 是 | AI75: 无问题，已建群 | AJ75: 孩子现在比较抗拒来上课，因为孩子从未有上过课外补习班，一直再走读，孩子觉得一天都再校区压力太大太累了，希望老师可以多多提问孩子，再游戏环节多多和孩子互动，增加孩子的粘性，妈妈表示孩子回家做作业比较拖拉，例如7点吃完饭后要到10点才做，但1点半小时就可以做完了（妈妈表示不要直接和孩子说，因为孩子知道的话会觉得妈妈不信任自己），可以在班级题上说规定好做时间的时间 | AK75: 孩子现在比较抗拒来上课，因为孩子从未有上过课外补习班，一直再走读，孩子觉得一天都再校区压力太大太累了，希望老师可以多多提问孩子，再游戏环节多多和孩子互动，增加孩子的粘性，妈妈表示孩子回家做作业比较拖拉，例如7点吃完饭后要到10点才做，但1点半小时就可以做完了（妈妈表示不要直接和孩子说，因为孩子知道的话会觉得妈妈不信任自己），可以在班级题上说规定好做时间的时间 | AL75: B | AM75: B | AN75: B | AO75: B | AP75: 中帅：判A，孩子能力还不错，但是目前水平对比越秀学生还有差距，平时跟妈妈下一下危机，妈妈自知孩子从五年级天河到越秀有变化。 | AQ75: 是 | AR75: 家长满意度：还在犹豫，价格高 | AS75: =COUNTIFS(H75,"零期",I75,"在读")+COUNTIFS(L75,"零期",M75,"在读")+COUNTIFS(P75,"零期",Q75,"在读") | AT75: =AS75-AX75 | AU75: =VLOOKUP(B75,'UV台帐'!B:AL,19,0) | AV75: =VLOOKUP(B75,'UV台帐'!B:AL,28,0) | AW75: =VLOOKUP(B75,'UV台帐'!B:AL,37,0) | AX75: =COUNTIFS(H75,"零期",AU75,"是")+COUNTIFS(L75,"零期",AV75,"是")+COUNTIFS(P75,"零期",AW75,"是") | AZ75: 价格敏感；约线下面谈，大帅老师。
A76: 同创汇 | B76: 4279445279 | C76: =VLOOKUP(B76,'UV台帐'!B:AL,2,0) | D76: =VLOOKUP(B76,'UV台帐'!B:AL,3,0) | E76: =VLOOKUP(B76,'UV台帐'!B:AL,13,0) | F76: =VLOOKUP(B76,'UV台帐'!B:AL,15,0) | G76: =VLOOKUP(B76,'UV台帐'!B:AL,16,0) | H76: =VLOOKUP(B76,'UV台帐'!B:AL,17,0) | I76: =VLOOKUP(B76,'UV台帐'!B:AL,18,0) | J76: =VLOOKUP(B76,'UV台帐'!B:AL,22,0) | K76: =VLOOKUP(B76,'UV台帐'!B:AL,24,0) | L76: =VLOOKUP(B76,'UV台帐'!B:AL,26,0) | M76: =VLOOKUP(B76,'UV台帐'!B:AL,27,0) | N76: =VLOOKUP(B76,'UV台帐'!B:AL,31,0) | O76: =VLOOKUP(B76,'UV台帐'!B:AL,33,0) | P76: =VLOOKUP(B76,'UV台帐'!B:AL,35,0) | Q76: =VLOOKUP(B76,'UV台帐'!B:AL,36,0) | S76: 是 | T76: 是 | W76: 高心怡04 | AA76: 高心怡04 | AB76: 是 | AC76: / | AD76: 是 | AE76: 戎凯01 | AF76: =VLOOKUP(B76,'UV台帐'!B:G,6,0) | AH76: 是 | AI76: 7.8号下午回校 | AJ76: 老生已经续报暑秋 | AK76: 老生已经续报暑秋 | AS76: =COUNTIFS(H76,"零期",I76,"在读")+COUNTIFS(L76,"零期",M76,"在读")+COUNTIFS(P76,"零期",Q76,"在读") | AT76: =AS76-AX76 | AU76: =VLOOKUP(B76,'UV台帐'!B:AL,19,0) | AV76: =VLOOKUP(B76,'UV台帐'!B:AL,28,0) | AW76: =VLOOKUP(B76,'UV台帐'!B:AL,37,0) | AX76: =COUNTIFS(H76,"零期",AU76,"是")+COUNTIFS(L76,"零期",AV76,"是")+COUNTIFS(P76,"零期",AW76,"是") | AZ76: 老生以转化
A77: 新宝利 | B77: 4299356242 | C77: =VLOOKUP(B77,'UV台帐'!B:AL,2,0) | D77: =VLOOKUP(B77,'UV台帐'!B:AL,3,0) | E77: =VLOOKUP(B77,'UV台帐'!B:AL,13,0) | F77: =VLOOKUP(B77,'UV台帐'!B:AL,15,0) | G77: =VLOOKUP(B77,'UV台帐'!B:AL,16,0) | H77: =VLOOKUP(B77,'UV台帐'!B:AL,17,0) | I77: =VLOOKUP(B77,'UV台帐'!B:AL,18,0) | J77: =VLOOKUP(B77,'UV台帐'!B:AL,22,0) | K77: =VLOOKUP(B77,'UV台帐'!B:AL,24,0) | L77: =VLOOKUP(B77,'UV台帐'!B:AL,26,0) | M77: =VLOOKUP(B77,'UV台帐'!B:AL,27,0) | N77: =VLOOKUP(B77,'UV台帐'!B:AL,31,0) | O77: =VLOOKUP(B77,'UV台帐'!B:AL,33,0) | P77: =VLOOKUP(B77,'UV台帐'!B:AL,35,0) | Q77: =VLOOKUP(B77,'UV台帐'!B:AL,36,0) | S77: 是 | T77: 是 | AA77: 李润 | AB77: 否 | AD77: 否 | AE77: 林志豪01 | AF77: =VLOOKUP(B77,'UV台帐'!B:G,6,0) | AG77: 烧鸡 | AH77: 是 | AI77: 换师待沟通+时间有问题， | AJ77: 妈咪啥都不知道的，张曦元家住，孩子上的挺开心的，成绩也还行，意向度一般 | AK77: 妈咪啥都不知道的，张曦元家住，孩子上的挺开心的，成绩也还行，意向度一般 | AL77: B | AM77: B | AN77: B | AO77: B | AP77: 妈咪啥都不知道的，张曦元家住，孩子上的挺开心的，成绩也还行，意向度一般，1、白云有距离问题，2、妈咪教育意识一般一问三不知，平时都是放养的 | AS77: =COUNTIFS(H77,"零期",I77,"在读")+COUNTIFS(L77,"零期",M77,"在读")+COUNTIFS(P77,"零期",Q77,"在读") | AT77: =AS77-AX77 | AU77: =VLOOKUP(B77,'UV台帐'!B:AL,19,0) | AV77: =VLOOKUP(B77,'UV台帐'!B:AL,28,0) | AW77: =VLOOKUP(B77,'UV台帐'!B:AL,37,0) | AX77: =COUNTIFS(H77,"零期",AU77,"是")+COUNTIFS(L77,"零期",AV77,"是")+COUNTIFS(P77,"零期",AW77,"是")
A78: 同创汇 | B78: 4357593784 | C78: =VLOOKUP(B78,'UV台帐'!B:AL,2,0) | D78: =VLOOKUP(B78,'UV台帐'!B:AL,3,0) | E78: =VLOOKUP(B78,'UV台帐'!B:AL,13,0) | F78: =VLOOKUP(B78,'UV台帐'!B:AL,15,0) | G78: =VLOOKUP(B78,'UV台帐'!B:AL,16,0) | H78: =VLOOKUP(B78,'UV台帐'!B:AL,17,0) | I78: =VLOOKUP(B78,'UV台帐'!B:AL,18,0) | J78: =VLOOKUP(B78,'UV台帐'!B:AL,22,0) | K78: =VLOOKUP(B78,'UV台帐'!B:AL,24,0) | L78: =VLOOKUP(B78,'UV台帐'!B:AL,26,0) | M78: =VLOOKUP(B78,'UV台帐'!B:AL,27,0) | N78: =VLOOKUP(B78,'UV台帐'!B:AL,31,0) | O78: =VLOOKUP(B78,'UV台帐'!B:AL,33,0) | P78: =VLOOKUP(B78,'UV台帐'!B:AL,35,0) | Q78: =VLOOKUP(B78,'UV台帐'!B:AL,36,0) | S78: 是 | T78: 是 | Y78: 陈中帅 | AA78: 陈中帅 | AB78: 否 | AC78: / | AD78: 否 | AE78: 王丽 | AF78: =VLOOKUP(B78,'UV台帐'!B:G,6,0) | AG78: 还不知道 | AH78: 是 | AI78: 29号当天有毕业典礼，上午可以正常上课，下午可能上一半就需要走，开回放 | AJ78: 老生已经暑秋连报 | AK78: 老生已经暑秋连报 | AS78: =COUNTIFS(H78,"零期",I78,"在读")+COUNTIFS(L78,"零期",M78,"在读")+COUNTIFS(P78,"零期",Q78,"在读") | AT78: =AS78-AX78 | AU78: =VLOOKUP(B78,'UV台帐'!B:AL,19,0) | AV78: =VLOOKUP(B78,'UV台帐'!B:AL,28,0) | AW78: =VLOOKUP(B78,'UV台帐'!B:AL,37,0) | AX78: =COUNTIFS(H78,"零期",AU78,"是")+COUNTIFS(L78,"零期",AV78,"是")+COUNTIFS(P78,"零期",AW78,"是")
A79: 同创汇 | B79: 4373949634 | C79: =VLOOKUP(B79,'UV台帐'!B:AL,2,0) | D79: =VLOOKUP(B79,'UV台帐'!B:AL,3,0) | E79: =VLOOKUP(B79,'UV台帐'!B:AL,13,0) | F79: =VLOOKUP(B79,'UV台帐'!B:AL,15,0) | G79: =VLOOKUP(B79,'UV台帐'!B:AL,16,0) | H79: =VLOOKUP(B79,'UV台帐'!B:AL,17,0) | I79: =VLOOKUP(B79,'UV台帐'!B:AL,18,0) | J79: =VLOOKUP(B79,'UV台帐'!B:AL,22,0) | K79: =VLOOKUP(B79,'UV台帐'!B:AL,24,0) | L79: =VLOOKUP(B79,'UV台帐'!B:AL,26,0) | M79: =VLOOKUP(B79,'UV台帐'!B:AL,27,0) | N79: =VLOOKUP(B79,'UV台帐'!B:AL,31,0) | O79: =VLOOKUP(B79,'UV台帐'!B:AL,33,0) | P79: =VLOOKUP(B79,'UV台帐'!B:AL,35,0) | Q79: =VLOOKUP(B79,'UV台帐'!B:AL,36,0) | S79: 否 | T79: 否 | Y79: 黄铭怡 | AA79: 陈中帅 | AB79: 是 | AC79: 沈思浩 | AD79: 是 | AE79: 沈思浩 | AF79: =VLOOKUP(B79,'UV台帐'!B:G,6,0) | AG79: 广中 | AH79: 是 | AI79: 没问题照常安排就行 | AJ79: 英语没开课，语文和数学已续报 | AK79: 英语没开课，语文和数学已续报 | AQ79: 是 | AS79: =COUNTIFS(H79,"零期",I79,"在读")+COUNTIFS(L79,"零期",M79,"在读")+COUNTIFS(P79,"零期",Q79,"在读") | AT79: =AS79-AX79 | AU79: =VLOOKUP(B79,'UV台帐'!B:AL,19,0) | AV79: =VLOOKUP(B79,'UV台帐'!B:AL,28,0) | AW79: =VLOOKUP(B79,'UV台帐'!B:AL,37,0) | AX79: =COUNTIFS(H79,"零期",AU79,"是")+COUNTIFS(L79,"零期",AV79,"是")+COUNTIFS(P79,"零期",AW79,"是")
A80: 同创汇 | B80: 4443796286 | C80: =VLOOKUP(B80,'UV台帐'!B:AL,2,0) | D80: =VLOOKUP(B80,'UV台帐'!B:AL,3,0) | E80: =VLOOKUP(B80,'UV台帐'!B:AL,13,0) | F80: =VLOOKUP(B80,'UV台帐'!B:AL,15,0) | G80: =VLOOKUP(B80,'UV台帐'!B:AL,16,0) | H80: =VLOOKUP(B80,'UV台帐'!B:AL,17,0) | I80: =VLOOKUP(B80,'UV台帐'!B:AL,18,0) | J80: =VLOOKUP(B80,'UV台帐'!B:AL,22,0) | K80: =VLOOKUP(B80,'UV台帐'!B:AL,24,0) | L80: =VLOOKUP(B80,'UV台帐'!B:AL,26,0) | M80: =VLOOKUP(B80,'UV台帐'!B:AL,27,0) | N80: =VLOOKUP(B80,'UV台帐'!B:AL,31,0) | O80: =VLOOKUP(B80,'UV台帐'!B:AL,33,0) | P80: =VLOOKUP(B80,'UV台帐'!B:AL,35,0) | Q80: =VLOOKUP(B80,'UV台帐'!B:AL,36,0) | S80: 是 | T80: 否 | Y80: 刘希子 | AA80: 刘希子 | AB80: 否 | AD80: 否 | AE80: 戎凯01 | AF80: =VLOOKUP(B80,'UV台帐'!B:G,6,0) | AG80: 育才 | AH80: 是 | AI80: 可正常来上课 | AJ80: 马涌钛，数学有在外面学，进度比较快，比较适应，不考虑换机构。妈妈感觉孩子科目太多会比较赶，劝说后妈妈认为可以先看一下时间做安排，主要需要老师给家长下危机，认识到初中难度，和秋季学习的必要性 | AK80: 马涌钛，数学有在外面学，进度比较快，比较适应，不考虑换机构。妈妈感觉孩子科目太多会比较赶，劝说后妈妈认为可以先看一下时间做安排，主要需要老师给家长下危机，认识到初中难度，和秋季学习的必要性 | AL80: S | AO80: S | AS80: =COUNTIFS(H80,"零期",I80,"在读")+COUNTIFS(L80,"零期",M80,"在读")+COUNTIFS(P80,"零期",Q80,"在读") | AT80: =AS80-AX80 | AU80: =VLOOKUP(B80,'UV台帐'!B:AL,19,0) | AV80: =VLOOKUP(B80,'UV台帐'!B:AL,28,0) | AW80: =VLOOKUP(B80,'UV台帐'!B:AL,37,0) | AX80: =COUNTIFS(H80,"零期",AU80,"是")+COUNTIFS(L80,"零期",AV80,"是")+COUNTIFS(P80,"零期",AW80,"是") | AZ80: 英语；孩子挺好的。考虑约线下面谈；妈妈态度冷淡；需要戎凯沟通。
A81: 新宝利 | B81: 4459633645 | C81: =VLOOKUP(B81,'UV台帐'!B:AL,2,0) | D81: =VLOOKUP(B81,'UV台帐'!B:AL,3,0) | E81: =VLOOKUP(B81,'UV台帐'!B:AL,13,0) | F81: =VLOOKUP(B81,'UV台帐'!B:AL,15,0) | G81: =VLOOKUP(B81,'UV台帐'!B:AL,16,0) | H81: =VLOOKUP(B81,'UV台帐'!B:AL,17,0) | I81: =VLOOKUP(B81,'UV台帐'!B:AL,18,0) | J81: =VLOOKUP(B81,'UV台帐'!B:AL,22,0) | K81: =VLOOKUP(B81,'UV台帐'!B:AL,24,0) | L81: =VLOOKUP(B81,'UV台帐'!B:AL,26,0) | M81: =VLOOKUP(B81,'UV台帐'!B:AL,27,0) | N81: =VLOOKUP(B81,'UV台帐'!B:AL,31,0) | O81: =VLOOKUP(B81,'UV台帐'!B:AL,33,0) | P81: =VLOOKUP(B81,'UV台帐'!B:AL,35,0) | Q81: =VLOOKUP(B81,'UV台帐'!B:AL,36,0) | S81: 是 | T81: 是 | Y81: 田雨涵01 | AA81: 黄铭怡 | AB81: 是 | AC81: 王丽 | AD81: 否 | AE81: 王丽 | AF81: =VLOOKUP(B81,'UV台帐'!B:G,6,0) | AG81: 二中 | AH81: 是 | AI81: 没问题 | AJ81: 电话未接，妈妈比较关注孩子的状态，一天上三科比较疲惫，但孩子还是说可以坚持，得再观望下孩子适应程度。之前没有上过机构的，是上门家教，需要先上多几天看看 | AK81: 电话未接，妈妈比较关注孩子的状态，一天上三科比较疲惫，但孩子还是说可以坚持，得再观望下孩子适应程度。之前没有上过机构的，是上门家教，需要先上多几天看看 | AL81: A | AN81: A | AP81: 孩子上课专注，主动给老师送了漫画图，家长要看效果续报 | AQ81: 是 | AS81: =COUNTIFS(H81,"零期",I81,"在读")+COUNTIFS(L81,"零期",M81,"在读")+COUNTIFS(P81,"零期",Q81,"在读") | AT81: =AS81-AX81 | AU81: =VLOOKUP(B81,'UV台帐'!B:AL,19,0) | AV81: =VLOOKUP(B81,'UV台帐'!B:AL,28,0) | AW81: =VLOOKUP(B81,'UV台帐'!B:AL,37,0) | AX81: =COUNTIFS(H81,"零期",AU81,"是")+COUNTIFS(L81,"零期",AV81,"是")+COUNTIFS(P81,"零期",AW81,"是")
A82: 新宝利 | B82: 4484241011 | C82: =VLOOKUP(B82,'UV台帐'!B:AL,2,0) | D82: =VLOOKUP(B82,'UV台帐'!B:AL,3,0) | E82: =VLOOKUP(B82,'UV台帐'!B:AL,13,0) | F82: =VLOOKUP(B82,'UV台帐'!B:AL,15,0) | G82: =VLOOKUP(B82,'UV台帐'!B:AL,16,0) | H82: =VLOOKUP(B82,'UV台帐'!B:AL,17,0) | I82: =VLOOKUP(B82,'UV台帐'!B:AL,18,0) | J82: =VLOOKUP(B82,'UV台帐'!B:AL,22,0) | K82: =VLOOKUP(B82,'UV台帐'!B:AL,24,0) | L82: =VLOOKUP(B82,'UV台帐'!B:AL,26,0) | M82: =VLOOKUP(B82,'UV台帐'!B:AL,27,0) | N82: =VLOOKUP(B82,'UV台帐'!B:AL,31,0) | O82: =VLOOKUP(B82,'UV台帐'!B:AL,33,0) | P82: =VLOOKUP(B82,'UV台帐'!B:AL,35,0) | Q82: =VLOOKUP(B82,'UV台帐'!B:AL,36,0) | S82: 否 | T82: 否 | W82: 肖锐03 | AA82: 李润 | AB82: 是 | AC82: 沈思浩 | AD82: 是 | AE82: 林志豪01 | AF82: =VLOOKUP(B82,'UV台帐'!B:G,6,0) | AG82: 西雅 | AH82: 是 | AJ82: 孩子妈咪说孩子上完还行，偏简单他自己觉得，孩子之前数学英语都是线下上，语文是我们线上作业帮想了解线下的情况，看看要不要转线下。8月25那周分层，希望能提前学，考好点，卡点，有在别的机构学数学英语。 | AK82: 孩子妈咪说孩子上完还行，偏简单他自己觉得，孩子之前数学英语都是线下上，语文是我们线上作业帮想了解线下的情况，看看要不要转线下。8月25那周分层，希望能提前学，考好点，卡点，有在别的机构学数学英语。 | AL82: A | AM82: C | AN82: A | AO82: C | AP82: 1，偏简单他自己觉得，孩子之前数学英语都是线下上，语文是我们线上作业帮想了解线下的情况，看看要不要转线下。8月25那周分层，希望能提前学，考好点，卡点，有在别的机构学数学英语。 | AS82: =COUNTIFS(H82,"零期",I82,"在读")+COUNTIFS(L82,"零期",M82,"在读")+COUNTIFS(P82,"零期",Q82,"在读") | AT82: =AS82-AX82 | AU82: =VLOOKUP(B82,'UV台帐'!B:AL,19,0) | AV82: =VLOOKUP(B82,'UV台帐'!B:AL,28,0) | AW82: =VLOOKUP(B82,'UV台帐'!B:AL,37,0) | AX82: =COUNTIFS(H82,"零期",AU82,"是")+COUNTIFS(L82,"零期",AV82,"是")+COUNTIFS(P82,"零期",AW82,"是") | AZ82: 来的是外婆，没有决策权。妈妈是音乐老师对中学情况比较了解，报暑假班是为了分班测希望能分到初中好班，小学阶段从来没有在外面培训补习，但是成绩是班级第一，语文第一，数学和英语是前3，中学在荔湾
A83: 同创汇 | B83: 4521435533 | C83: =VLOOKUP(B83,'UV台帐'!B:AL,2,0) | D83: =VLOOKUP(B83,'UV台帐'!B:AL,3,0) | E83: =VLOOKUP(B83,'UV台帐'!B:AL,13,0) | F83: =VLOOKUP(B83,'UV台帐'!B:AL,15,0) | G83: =VLOOKUP(B83,'UV台帐'!B:AL,16,0) | H83: =VLOOKUP(B83,'UV台帐'!B:AL,17,0) | I83: =VLOOKUP(B83,'UV台帐'!B:AL,18,0) | J83: =VLOOKUP(B83,'UV台帐'!B:AL,22,0) | K83: =VLOOKUP(B83,'UV台帐'!B:AL,24,0) | L83: =VLOOKUP(B83,'UV台帐'!B:AL,26,0) | M83: =VLOOKUP(B83,'UV台帐'!B:AL,27,0) | N83: =VLOOKUP(B83,'UV台帐'!B:AL,31,0) | O83: =VLOOKUP(B83,'UV台帐'!B:AL,33,0) | P83: =VLOOKUP(B83,'UV台帐'!B:AL,35,0) | Q83: =VLOOKUP(B83,'UV台帐'!B:AL,36,0) | S83: 否 | T83: 否 | U83: 田雨涵01 | W83: 田雨涵01,刘希子 | Y83: 陈南05 | AA83: 陈南05 | AB83: 是 | AC83: 陈南 | AD83: 是 | AE83: 王丽 | AF83: =VLOOKUP(B83,'UV台帐'!B:G,6,0) | AG83: 育才 | AH83: 是 | AI83: 10号上午要去拿成绩单，说了给孩子开回放 | AJ83: 面聊，孩子之前一直在补一对一，希望老师多关注下，基础比较弱，之前对于作业帮没有太多了解，孩子上了课后感觉老师都很负责，孩子容易注意力不集中，也叮嘱孩子要跟着老师好好学，后续会考虑我们的课程 | AK83: 面聊，孩子之前一直在补一对一，希望老师多关注下，基础比较弱，之前对于作业帮没有太多了解，孩子上了课后感觉老师都很负责，孩子容易注意力不集中，也叮嘱孩子要跟着老师好好学，后续会考虑我们的课程 | AL83: S | AM83: S | AN83: S | AP83: 数学：孩子跟不上 语文：三科里面比较好的，上课还可以 | AS83: =COUNTIFS(H83,"零期",I83,"在读")+COUNTIFS(L83,"零期",M83,"在读")+COUNTIFS(P83,"零期",Q83,"在读") | AT83: =AS83-AX83 | AU83: =VLOOKUP(B83,'UV台帐'!B:AL,19,0) | AV83: =VLOOKUP(B83,'UV台帐'!B:AL,28,0) | AW83: =VLOOKUP(B83,'UV台帐'!B:AL,37,0) | AX83: =COUNTIFS(H83,"零期",AU83,"是")+COUNTIFS(L83,"零期",AV83,"是")+COUNTIFS(P83,"零期",AW83,"是") | AZ83: 妈妈说明天来校区缴费，现金
A84: 新宝利 | B84: 4534492760 | C84: =VLOOKUP(B84,'UV台帐'!B:AL,2,0) | D84: =VLOOKUP(B84,'UV台帐'!B:AL,3,0) | E84: =VLOOKUP(B84,'UV台帐'!B:AL,13,0) | F84: =VLOOKUP(B84,'UV台帐'!B:AL,15,0) | G84: =VLOOKUP(B84,'UV台帐'!B:AL,16,0) | H84: =VLOOKUP(B84,'UV台帐'!B:AL,17,0) | I84: =VLOOKUP(B84,'UV台帐'!B:AL,18,0) | J84: =VLOOKUP(B84,'UV台帐'!B:AL,22,0) | K84: =VLOOKUP(B84,'UV台帐'!B:AL,24,0) | L84: =VLOOKUP(B84,'UV台帐'!B:AL,26,0) | M84: =VLOOKUP(B84,'UV台帐'!B:AL,27,0) | N84: =VLOOKUP(B84,'UV台帐'!B:AL,31,0) | O84: =VLOOKUP(B84,'UV台帐'!B:AL,33,0) | P84: =VLOOKUP(B84,'UV台帐'!B:AL,35,0) | Q84: =VLOOKUP(B84,'UV台帐'!B:AL,36,0) | S84: 是 | T84: 是 | AA84: 肖锐03 | AB84: 是 | AC84: 汪汪 | AD84: 否 | AE84: 林志豪01 | AF84: =VLOOKUP(B84,'UV台帐'!B:G,6,0) | AG84: 江外 | AH84: 是 | AJ84: 很满意我们的服务，特别大帅老师，孩子一直很喜欢，觉得老师很有威严，教的很好，多关注一下，他上久了会散，要多关注。孩子平时作业的比较多，秋季已报名数学，其他要看孩子愿意不 | AK84: 很满意我们的服务，特别大帅老师，孩子一直很喜欢，觉得老师很有威严，教的很好，多关注一下，他上久了会散，要多关注。孩子平时作业的比较多，秋季已报名数学，其他要看孩子愿意不 | AL84: B | AN84: B | AO84: B | AP84: 1、在读学员有加持2、但是觉得孩子会累压力大，3、看孩子意愿，愿意可以 | AQ84: 是 | AS84: =COUNTIFS(H84,"零期",I84,"在读")+COUNTIFS(L84,"零期",M84,"在读")+COUNTIFS(P84,"零期",Q84,"在读") | AT84: =AS84-AX84 | AU84: =VLOOKUP(B84,'UV台帐'!B:AL,19,0) | AV84: =VLOOKUP(B84,'UV台帐'!B:AL,28,0) | AW84: =VLOOKUP(B84,'UV台帐'!B:AL,37,0) | AX84: =COUNTIFS(H84,"零期",AU84,"是")+COUNTIFS(L84,"零期",AV84,"是")+COUNTIFS(P84,"零期",AW84,"是")
A85: 同创汇 | B85: 4594246595 | C85: =VLOOKUP(B85,'UV台帐'!B:AL,2,0) | D85: =VLOOKUP(B85,'UV台帐'!B:AL,3,0) | E85: =VLOOKUP(B85,'UV台帐'!B:AL,13,0) | F85: =VLOOKUP(B85,'UV台帐'!B:AL,15,0) | G85: =VLOOKUP(B85,'UV台帐'!B:AL,16,0) | H85: =VLOOKUP(B85,'UV台帐'!B:AL,17,0) | I85: =VLOOKUP(B85,'UV台帐'!B:AL,18,0) | J85: =VLOOKUP(B85,'UV台帐'!B:AL,22,0) | K85: =VLOOKUP(B85,'UV台帐'!B:AL,24,0) | L85: =VLOOKUP(B85,'UV台帐'!B:AL,26,0) | M85: =VLOOKUP(B85,'UV台帐'!B:AL,27,0) | N85: =VLOOKUP(B85,'UV台帐'!B:AL,31,0) | O85: =VLOOKUP(B85,'UV台帐'!B:AL,33,0) | P85: =VLOOKUP(B85,'UV台帐'!B:AL,35,0) | Q85: =VLOOKUP(B85,'UV台帐'!B:AL,36,0) | S85: 否 | T85: 否 | W85: 陈南05 | Y85: 田雨涵01 | AA85: 陈南05 | AB85: 是 | AC85: 尚歆 | AD85: 是 | AE85: 戎凯01 | AF85: =VLOOKUP(B85,'UV台帐'!B:G,6,0) | AG85: 培正 | AH85: 是 | AI85: 7.2号可能需要请假半天，需要补课 | AJ85: 可以考虑秋季，看孩子意愿，希望有好的出口，目前来说还挺满意，家长需要进行一次旁听，看一下我们老师的授课 | AK85: 可以考虑秋季，看孩子意愿，希望有好的出口，目前来说还挺满意，家长需要进行一次旁听，看一下我们老师的授课 | AL85: A | AS85: =COUNTIFS(H85,"零期",I85,"在读")+COUNTIFS(L85,"零期",M85,"在读")+COUNTIFS(P85,"零期",Q85,"在读") | AT85: =AS85-AX85 | AU85: =VLOOKUP(B85,'UV台帐'!B:AL,19,0) | AV85: =VLOOKUP(B85,'UV台帐'!B:AL,28,0) | AW85: =VLOOKUP(B85,'UV台帐'!B:AL,37,0) | AX85: =COUNTIFS(H85,"零期",AU85,"是")+COUNTIFS(L85,"零期",AV85,"是")+COUNTIFS(P85,"零期",AW85,"是") | AZ85: 妈妈觉得是OK，可以上。孩子青春期，需要征求孩子的意见；家离新宝利比较近；也可能换校区，可以自己搭地铁过去上课；具体得解决孩子的意愿问题。
A86: 新宝利 | B86: 4607796539 | C86: =VLOOKUP(B86,'UV台帐'!B:AL,2,0) | D86: =VLOOKUP(B86,'UV台帐'!B:AL,3,0) | E86: =VLOOKUP(B86,'UV台帐'!B:AL,13,0) | F86: =VLOOKUP(B86,'UV台帐'!B:AL,15,0) | G86: =VLOOKUP(B86,'UV台帐'!B:AL,16,0) | H86: =VLOOKUP(B86,'UV台帐'!B:AL,17,0) | I86: =VLOOKUP(B86,'UV台帐'!B:AL,18,0) | J86: =VLOOKUP(B86,'UV台帐'!B:AL,22,0) | K86: =VLOOKUP(B86,'UV台帐'!B:AL,24,0) | L86: =VLOOKUP(B86,'UV台帐'!B:AL,26,0) | M86: =VLOOKUP(B86,'UV台帐'!B:AL,27,0) | N86: =VLOOKUP(B86,'UV台帐'!B:AL,31,0) | O86: =VLOOKUP(B86,'UV台帐'!B:AL,33,0) | P86: =VLOOKUP(B86,'UV台帐'!B:AL,35,0) | Q86: =VLOOKUP(B86,'UV台帐'!B:AL,36,0) | S86: 是 | T86: 否 | U86: 田雨涵01 | AA86: 肖锐03 | AB86: 否 | AD86: 否 | AE86: 林志豪01 | AF86: =VLOOKUP(B86,'UV台帐'!B:G,6,0) | AG86: 姜中宏 | AH86: 是 | AJ86: 数学觉得简单，有提前学过，和尔然是朋友，意向度高，有在名师学过，想和尔然一起学的孩子很内向，没有朋友在很安静，多互动，觉得孩子确实数学要提升，危险点，目前孩子觉得简单，且内向 | AK86: 数学觉得简单，有提前学过，和尔然是朋友，意向度高，有在名师学过，想和尔然一起学的孩子很内向，没有朋友在很安静，多互动，觉得孩子确实数学要提升，危险点，目前孩子觉得简单，且内向 | AL86: A | AM86: A | AN86: A | AO86: A | AP86: 1、数学觉得简单，有提前学过，和尔然是朋友，意向度高，有在名师学过，2、孩子满意度可以，家长觉得不错3、和尔然是好朋友，尔然是学的很开心很喜欢我们这里有加持 | AQ86: 是 | AS86: =COUNTIFS(H86,"零期",I86,"在读")+COUNTIFS(L86,"零期",M86,"在读")+COUNTIFS(P86,"零期",Q86,"在读") | AT86: =AS86-AX86 | AU86: =VLOOKUP(B86,'UV台帐'!B:AL,19,0) | AV86: =VLOOKUP(B86,'UV台帐'!B:AL,28,0) | AW86: =VLOOKUP(B86,'UV台帐'!B:AL,37,0) | AX86: =COUNTIFS(H86,"零期",AU86,"是")+COUNTIFS(L86,"零期",AV86,"是")+COUNTIFS(P86,"零期",AW86,"是")
